-- phpMyAdmin SQL Dump
-- version 4.0.10.11
-- http://www.phpmyadmin.net
--
-- Host: localhost
-- Generation Time: May 29, 2019 at 10:52 PM
-- Server version: 5.6.43
-- PHP Version: 5.3.3

SET FOREIGN_KEY_CHECKS=0;
SET SQL_MODE = "NO_AUTO_VALUE_ON_ZERO";
SET time_zone = "+00:00";


/*!40101 SET @OLD_CHARACTER_SET_CLIENT=@@CHARACTER_SET_CLIENT */;
/*!40101 SET @OLD_CHARACTER_SET_RESULTS=@@CHARACTER_SET_RESULTS */;
/*!40101 SET @OLD_COLLATION_CONNECTION=@@COLLATION_CONNECTION */;
/*!40101 SET NAMES utf8 */;

--
-- Database: `user20011_web`
--

-- --------------------------------------------------------

--
-- Table structure for table `admin_style`
--

CREATE TABLE IF NOT EXISTS `admin_style` (
  `id` int(11) NOT NULL AUTO_INCREMENT,
  `b_layout` tinyint(1) NOT NULL DEFAULT '0',
  `c_menu` tinyint(1) NOT NULL DEFAULT '0',
  `f_header` tinyint(1) NOT NULL DEFAULT '1',
  `f_sidebar` tinyint(1) NOT NULL DEFAULT '0',
  `h_bar` tinyint(1) NOT NULL DEFAULT '0',
  `h_menu` tinyint(1) NOT NULL DEFAULT '0',
  `t_sidebar` tinyint(1) NOT NULL DEFAULT '0',
  `custom_style` varchar(15) NOT NULL DEFAULT 'green',
  PRIMARY KEY (`id`)
) ENGINE=InnoDB  DEFAULT CHARSET=utf8 AUTO_INCREMENT=15 ;

--
-- Dumping data for table `admin_style`
--

INSERT INTO `admin_style` (`id`, `b_layout`, `c_menu`, `f_header`, `f_sidebar`, `h_bar`, `h_menu`, `t_sidebar`, `custom_style`) VALUES
(1, 0, 0, 1, 0, 0, 0, 0, 'green'),
(2, 0, 0, 1, 0, 0, 0, 0, 'blue'),
(3, 0, 0, 1, 0, 0, 0, 0, 'green'),
(4, 0, 0, 1, 0, 0, 0, 0, 'green'),
(5, 0, 0, 1, 0, 0, 0, 0, 'green'),
(6, 0, 0, 1, 0, 0, 0, 0, 'green'),
(7, 0, 0, 1, 0, 0, 0, 0, 'green'),
(8, 0, 0, 1, 0, 0, 0, 0, 'green'),
(9, 0, 0, 1, 0, 0, 0, 0, 'green'),
(10, 0, 0, 1, 0, 0, 0, 0, 'green'),
(11, 0, 0, 1, 0, 0, 0, 0, 'green'),
(12, 0, 0, 1, 0, 0, 0, 1, 'green'),
(13, 0, 0, 1, 0, 0, 0, 0, 'green'),
(14, 0, 0, 1, 0, 0, 0, 0, 'green');

-- --------------------------------------------------------

--
-- Table structure for table `application`
--

CREATE TABLE IF NOT EXISTS `application` (
  `id` int(11) NOT NULL AUTO_INCREMENT,
  `name` varchar(60) DEFAULT NULL,
  `phone` varchar(20) DEFAULT NULL,
  `application_status_id` int(11) NOT NULL,
  `course_id` int(11) DEFAULT NULL,
  `course_stream_id` int(11) DEFAULT NULL,
  `description` varchar(300) DEFAULT NULL,
  `notes` varchar(300) DEFAULT NULL COMMENT 'for customers',
  `created_at` datetime DEFAULT NULL,
  `updated_at` datetime DEFAULT NULL,
  PRIMARY KEY (`id`),
  KEY `application_fi_0ebdd7` (`application_status_id`),
  KEY `application_fi_ebed28` (`course_id`),
  KEY `application_fi_f39771` (`course_stream_id`)
) ENGINE=InnoDB  DEFAULT CHARSET=utf8 AUTO_INCREMENT=330 ;

--
-- Dumping data for table `application`
--

INSERT INTO `application` (`id`, `name`, `phone`, `application_status_id`, `course_id`, `course_stream_id`, `description`, `notes`, `created_at`, `updated_at`) VALUES
(1, 'Test', '996555555555', 3, NULL, NULL, '', 'при', '2019-01-11 09:47:28', '2019-02-08 12:15:53'),
(2, 'esgdrsetgb', '996555112233', 3, NULL, NULL, 'esdfbregfbd', 'frvdcfewvdc', '2019-01-11 10:05:23', '2019-02-15 11:28:54'),
(3, 'Azamat', '+996551000000', 3, NULL, NULL, NULL, NULL, '2019-02-08 09:40:30', '2019-02-15 11:28:54'),
(4, 'erewrwe', '3543434543', 3, NULL, NULL, NULL, '', '2019-02-08 09:41:25', '2019-02-15 11:29:02'),
(5, 'dfsdgfsd', '856419856dff', 3, NULL, NULL, NULL, NULL, '2019-02-08 09:44:19', '2019-02-15 11:28:54'),
(6, 'ssdsd', '343543534543', 3, NULL, NULL, NULL, NULL, '2019-02-08 09:44:52', '2019-02-15 11:28:54'),
(7, '*89562', '8958*95', 3, NULL, NULL, NULL, '', '2019-02-08 09:57:30', '2019-02-08 12:15:39'),
(8, 'werfersdfd', '4324332', 3, NULL, NULL, NULL, '', '2019-02-08 09:58:03', '2019-02-08 12:14:43'),
(9, 'sedfsd', 'dsfsdf', 3, NULL, NULL, NULL, '', '2019-02-08 09:58:44', '2019-02-08 10:04:00'),
(10, 'wefesdf', 'sdfsdf', 3, NULL, NULL, NULL, '', '2019-02-08 10:00:00', '2019-02-08 12:09:51'),
(11, 'Azamat', '+996551000000', 3, NULL, NULL, NULL, NULL, '2019-02-08 13:01:05', '2019-02-15 11:28:54'),
(12, 'Azamat', '+996551000000', 3, NULL, NULL, NULL, NULL, '2019-02-08 13:01:05', '2019-02-15 11:28:54'),
(13, 'hgjfgjhk', '+996555112233', 3, NULL, NULL, NULL, NULL, '2019-02-15 17:29:37', '2019-02-15 17:29:37'),
(14, 'dsdsd', '8418952*895', 3, NULL, NULL, NULL, NULL, '2019-02-16 09:16:53', '2019-02-16 09:16:53'),
(15, 'dssdsds', '+996555112233', 6, NULL, NULL, NULL, NULL, '2019-02-16 10:02:34', '2019-02-16 10:02:34'),
(16, 'srfsdfsd', '+996555222233', 6, NULL, NULL, NULL, NULL, '2019-02-16 10:04:15', '2019-02-16 10:04:15'),
(17, 'dfed', '34535', 6, NULL, NULL, NULL, NULL, '2019-02-16 10:04:21', '2019-02-16 10:04:21'),
(18, 'erfefd', '45o098676523456', 6, NULL, NULL, NULL, NULL, '2019-02-16 10:04:33', '2019-02-16 10:04:33'),
(19, 'dfdgrf', '34436890654', 6, NULL, NULL, NULL, NULL, '2019-02-16 10:04:59', '2019-02-16 10:04:59'),
(20, 'sfertyuy', '123456767890', 6, NULL, NULL, NULL, NULL, '2019-02-16 10:05:24', '2019-02-16 10:05:24'),
(21, '23456', '34567890-', 6, NULL, NULL, NULL, NULL, '2019-02-16 10:09:34', '2019-02-16 10:09:34'),
(22, 'werfghjkl', '996555112233', 6, NULL, NULL, 'rdytutyg', 'yfjhg', '2019-02-16 10:42:34', '2019-02-16 10:42:34'),
(23, 'sedfghjk', '6896874568', 6, NULL, NULL, NULL, NULL, '2019-02-16 11:01:39', '2019-02-16 11:01:39'),
(24, 'wretyuh', '11111111', 3, NULL, NULL, NULL, '', '2019-02-16 11:02:14', '2019-02-16 11:28:48'),
(25, '567890', '+996555112233', 6, NULL, NULL, NULL, NULL, '2019-02-17 00:22:09', '2019-02-17 00:22:09'),
(26, 'jgkhjinj', '+996555223366', 6, NULL, NULL, NULL, NULL, '2019-02-17 00:23:23', '2019-02-17 00:23:23'),
(27, 'jgkhjinj', '+996555223366', 6, NULL, NULL, NULL, NULL, '2019-02-17 00:25:18', '2019-02-17 00:25:18'),
(28, 'jgkhjinj', '+996555223366', 6, NULL, NULL, NULL, NULL, '2019-02-17 00:27:34', '2019-02-17 00:27:34'),
(29, 'jgkhjinj', '+996555223366', 6, NULL, NULL, NULL, NULL, '2019-02-17 00:28:10', '2019-02-17 00:28:10'),
(30, 'jgkhjinj', '+996555223366', 6, NULL, NULL, NULL, NULL, '2019-02-17 00:30:57', '2019-02-17 00:30:57'),
(31, 'sdfghjk', '+996551000000', 6, NULL, NULL, NULL, NULL, '2019-02-17 10:41:41', '2019-02-17 10:41:41'),
(32, '75', 'r2578527', 6, NULL, NULL, NULL, NULL, '2019-02-17 12:48:19', '2019-02-17 12:48:19'),
(33, 'Azamat', '+996555112233', 6, NULL, NULL, NULL, NULL, '2019-02-17 10:03:47', '2019-02-17 10:03:47'),
(34, 'Azamat', '+996555112233', 6, NULL, NULL, NULL, NULL, '2019-02-17 10:05:38', '2019-02-17 10:05:38'),
(35, 'Hello', '8745124854150', 6, NULL, NULL, NULL, NULL, '2019-02-17 13:57:49', '2019-02-17 13:57:49'),
(36, 'wsdfv', '234543', 6, NULL, NULL, NULL, NULL, '2019-02-17 13:58:16', '2019-02-17 13:58:16'),
(37, 'Hello', '555112233', 6, NULL, NULL, NULL, NULL, '2019-02-17 13:58:47', '2019-02-17 13:58:47'),
(38, 'Hello', '+996555456523', 6, NULL, NULL, NULL, NULL, '2019-02-17 14:34:36', '2019-02-17 14:34:36'),
(39, 'Azamat', '+996 551 00 66 38', 6, NULL, NULL, NULL, NULL, '2019-02-17 14:49:48', '2019-02-17 14:49:48'),
(40, 'Azamat', '+996 551 006 638', 6, NULL, NULL, NULL, NULL, '2019-02-17 15:08:10', '2019-02-17 15:08:10'),
(41, '3e4rthg', '2345y6653', 6, NULL, NULL, NULL, NULL, '2019-02-17 15:11:11', '2019-02-17 15:11:11'),
(42, '3e4rthg', '2345y6653', 6, NULL, NULL, NULL, NULL, '2019-02-17 15:13:05', '2019-02-17 15:13:05'),
(43, 'Hello', '+996 555 112 445', 6, NULL, NULL, NULL, NULL, '2019-02-17 15:27:23', '2019-02-17 15:27:23'),
(44, '2378', '3457765746526', 6, NULL, NULL, NULL, NULL, '2019-02-17 15:29:13', '2019-02-17 15:29:13'),
(45, 'увпфпявпцяывп', 'впяывпыявпвяпяы', 6, NULL, NULL, NULL, NULL, '2019-02-17 16:11:38', '2019-02-17 16:11:38'),
(46, 'ыамячмывпыв', 'ыпывпыпывпывп', 6, NULL, NULL, NULL, NULL, '2019-02-17 16:12:11', '2019-02-17 16:12:11'),
(47, 'Aza', '+996 555 123 456', 6, NULL, NULL, NULL, NULL, '2019-02-18 14:06:48', '2019-02-18 14:06:48'),
(48, 'Сагын', '+996700138385', 6, NULL, NULL, NULL, NULL, '2019-02-19 15:12:21', '2019-02-19 15:12:21'),
(49, 'Абылаев Азамат', '+996552399266', 6, NULL, NULL, NULL, NULL, '2019-02-19 15:24:05', '2019-02-19 15:24:05'),
(50, 'Абылаев Азамат', '+996552399266', 6, NULL, NULL, NULL, NULL, '2019-02-19 15:24:07', '2019-02-19 15:24:07'),
(51, 'Адиль', '+996558558754', 6, NULL, NULL, NULL, NULL, '2019-02-20 10:51:41', '2019-02-20 10:51:41'),
(52, 'Адиль', '+996558558754', 6, NULL, NULL, NULL, NULL, '2019-02-20 10:51:47', '2019-02-20 10:51:47'),
(53, 'Test', '+996555112233', 6, NULL, NULL, NULL, NULL, '2019-02-20 14:25:40', '2019-02-20 14:25:40'),
(54, 'TEST', '8452864529652', 6, NULL, NULL, 'TEST', NULL, '2019-02-20 14:40:30', '2019-02-20 14:40:30'),
(55, 'SERVER', 'SERVER', 6, NULL, NULL, 'SERVER', NULL, '2019-02-20 14:42:55', '2019-02-20 14:42:55'),
(56, 'Болот', '+996772991959', 6, NULL, NULL, NULL, NULL, '2019-02-21 12:21:09', '2019-02-21 12:21:09'),
(57, 'Болот', '+996772991959', 6, NULL, NULL, NULL, NULL, '2019-02-21 12:21:12', '2019-02-21 12:21:12'),
(58, 'Аман', '+996559717267', 6, NULL, NULL, 'Здравствуйте. Хотел бы с вами связаться', NULL, '2019-02-23 10:12:15', '2019-02-23 10:12:15'),
(59, 'Зиедулло', '+996772208668', 6, NULL, NULL, 'Добрый день. Предлагаю открыть курсы в городе Исфана Баткенской области. Есть много заинтересованных молодых людей. Здание и другие ресурсы мы сами найдем. От Вас требуется квалифицированные специалисты и опыт. Прошу от имени большинство любопытных жителей, не отказать наши просьбы', NULL, '2019-02-24 17:23:11', '2019-02-24 17:23:11'),
(60, 'Асаналиева Эркайым', '+996505506608', 6, NULL, NULL, 'Здравствуйте. Я хотела бы узнать ещё будут наборы на курсы Java?', NULL, '2019-02-24 19:10:29', '2019-02-24 19:10:29'),
(61, 'Ажар', '+996 707239070', 6, NULL, NULL, NULL, NULL, '2019-02-24 20:48:38', '2019-02-24 20:48:38'),
(62, 'Жаныш', '+905535862353', 6, NULL, NULL, NULL, NULL, '2019-02-25 01:49:25', '2019-02-25 01:49:25'),
(63, 'Таалай', '0701500601', 6, NULL, NULL, NULL, NULL, '2019-02-25 12:16:08', '2019-02-25 12:16:08'),
(64, 'Назира', '+996772181999', 6, 10, NULL, NULL, NULL, '2019-02-25 13:58:34', '2019-02-25 13:58:34'),
(65, 'Alan Usupov', '0770277118', 6, 13, 10, NULL, NULL, '2019-02-25 14:33:01', '2019-02-25 14:33:01'),
(66, 'Анара', '+996707244405', 6, 12, NULL, NULL, NULL, '2019-02-26 09:01:23', '2019-02-26 09:01:23'),
(67, 'stas', '+996550903837', 6, 13, NULL, NULL, NULL, '2019-02-26 11:06:11', '2019-02-26 11:06:11'),
(68, 'анара', '+996707244405', 6, NULL, NULL, 'Здраствуйте скажите где вы находитесь', NULL, '2019-02-26 12:25:42', '2019-02-26 12:25:42'),
(69, 'Азамат', '0505222550', 6, NULL, NULL, 'когда начнутся курсы с#?', NULL, '2019-02-26 15:26:55', '2019-02-26 15:26:55'),
(70, 'антон', '+996703638726', 6, 15, NULL, NULL, NULL, '2019-02-26 15:53:08', '2019-02-26 15:53:08'),
(71, 'Тимур', '996779204414', 6, NULL, NULL, NULL, NULL, '2019-02-26 22:54:23', '2019-02-26 22:54:23'),
(72, 'Амаль', '+996 708 131 110', 6, NULL, NULL, NULL, NULL, '2019-02-27 01:20:14', '2019-02-27 01:20:14'),
(73, 'Айгулум', '+996709285070', 6, 12, 9, NULL, NULL, '2019-02-27 17:12:12', '2019-02-27 17:12:12'),
(74, 'Азамат', '+996508880033', 6, NULL, NULL, NULL, NULL, '2019-02-28 13:40:13', '2019-02-28 13:40:13'),
(75, 'Бактыбек', '+996708572101', 6, 13, NULL, NULL, NULL, '2019-02-28 14:54:01', '2019-02-28 14:54:01'),
(76, 'Мунарбек', '+996557580087', 6, NULL, NULL, NULL, NULL, '2019-02-28 18:39:15', '2019-02-28 18:39:15'),
(77, 'Кайрат', '+996773139321', 6, NULL, NULL, 'Добрый день! Можете плиз подробнее расписать расписание по фронт энду, заранее спасибо!', NULL, '2019-02-28 19:31:57', '2019-02-28 19:31:57'),
(78, 'Айбек', '+9960770501076', 6, NULL, NULL, 'Оплату можно произвести частями? Или нужно будет полностью оплатить. Возраст имеет значения мне 42', NULL, '2019-03-02 12:43:09', '2019-03-02 12:43:09'),
(79, 'Тилек', '+996556605675', 6, NULL, NULL, NULL, NULL, '2019-03-03 21:29:02', '2019-03-03 21:29:02'),
(80, 'Тилек', '+996556605675', 6, NULL, NULL, NULL, NULL, '2019-03-03 21:29:04', '2019-03-03 21:29:04'),
(81, 'Test', '+996551000000', 6, NULL, NULL, NULL, NULL, '2019-03-03 23:11:12', '2019-03-03 23:11:12'),
(82, 'Радмир', '+996 (702) 078 131', 6, NULL, NULL, NULL, NULL, '2019-03-04 01:22:22', '2019-03-04 01:22:22'),
(83, 'Эмир', '0707950575', 6, NULL, NULL, NULL, NULL, '2019-03-04 01:22:27', '2019-03-04 01:22:27'),
(84, 'Назик', '+996707835995', 6, NULL, NULL, NULL, NULL, '2019-03-04 13:07:45', '2019-03-04 13:07:45'),
(85, 'Ураимов умар', '774931685', 6, NULL, NULL, NULL, NULL, '2019-03-05 09:59:25', '2019-03-05 09:59:25'),
(86, 'Ураимов умар', '774931685', 6, NULL, NULL, NULL, NULL, '2019-03-05 09:59:27', '2019-03-05 09:59:27'),
(87, 'Иманов Тимур', '+996707776017', 6, NULL, NULL, NULL, NULL, '2019-03-06 23:23:45', '2019-03-06 23:23:45'),
(88, '666', '666', 6, NULL, NULL, NULL, NULL, '2019-03-07 14:40:41', '2019-03-07 14:40:41'),
(89, '666', '666', 6, NULL, NULL, NULL, NULL, '2019-03-07 14:40:43', '2019-03-07 14:40:43'),
(90, '666', '666', 6, NULL, NULL, NULL, NULL, '2019-03-07 14:41:00', '2019-03-07 14:41:00'),
(91, '666', '666', 6, NULL, NULL, NULL, NULL, '2019-03-07 14:41:20', '2019-03-07 14:41:20'),
(92, '666', '666', 6, NULL, NULL, NULL, NULL, '2019-03-07 14:41:57', '2019-03-07 14:41:57'),
(93, 'Bogdan Tagaev', '+996700954507', 6, 15, NULL, NULL, NULL, '2019-03-07 21:30:42', '2019-03-07 21:30:42'),
(94, 'Erlan', '+905533687369', 6, 10, 7, NULL, NULL, '2019-03-10 01:28:01', '2019-03-10 01:28:01'),
(95, 'Erlan', '+905533687369', 6, 10, 7, NULL, NULL, '2019-03-10 01:28:04', '2019-03-10 01:28:04'),
(96, 'Жаркынай', '996701404066', 6, 13, 10, NULL, NULL, '2019-03-11 09:37:52', '2019-03-11 09:37:52'),
(97, 'Жаркынай', '996701404066', 6, 13, 10, NULL, NULL, '2019-03-11 09:37:54', '2019-03-11 09:37:54'),
(98, 'Бегимай', '+996508111091', 6, NULL, NULL, NULL, NULL, '2019-03-13 08:35:51', '2019-03-13 08:35:51'),
(99, 'Канат', '0703540966', 6, NULL, NULL, NULL, NULL, '2019-03-13 11:46:32', '2019-03-13 11:46:32'),
(100, 'Низамидин', '+996709006101', 6, 13, NULL, NULL, NULL, '2019-03-13 14:18:26', '2019-03-13 14:18:26'),
(101, 'Эрмек', '+996709159947', 6, 13, NULL, NULL, NULL, '2019-03-13 18:32:12', '2019-03-13 18:32:12'),
(102, 'Айпери', '505559229', 6, 10, NULL, NULL, NULL, '2019-03-13 19:50:39', '2019-03-13 19:50:39'),
(103, 'Артыков Нурмат', '0702993737', 6, NULL, NULL, NULL, NULL, '2019-03-14 10:40:09', '2019-03-14 10:40:09'),
(104, 'Тахмина', '+996708622355', 6, NULL, NULL, NULL, NULL, '2019-03-14 23:25:10', '2019-03-14 23:25:10'),
(105, 'Азат', '+996700033501', 6, NULL, NULL, NULL, NULL, '2019-03-15 16:03:03', '2019-03-15 16:03:03'),
(106, 'Эрлан', '0557172717', 6, 15, 12, NULL, NULL, '2019-03-18 11:39:06', '2019-03-18 11:39:06'),
(107, 'Элмира', '+996 555600557', 6, 14, NULL, NULL, NULL, '2019-03-18 11:44:24', '2019-03-18 11:44:24'),
(108, 'Александр Джон', '+996555771143', 6, NULL, NULL, NULL, NULL, '2019-03-18 15:32:42', '2019-03-18 15:32:42'),
(109, 'Наргиза', '+996701202078', 6, NULL, NULL, 'Здравствуйте.Проект Девушки в Ай ти будет в этом году?', NULL, '2019-03-19 17:35:59', '2019-03-19 17:35:59'),
(110, 'Guldana', '+996 500903191', 6, NULL, NULL, NULL, NULL, '2019-03-20 22:45:42', '2019-03-20 22:45:42'),
(111, 'Али', '+996771334780', 6, NULL, NULL, NULL, NULL, '2019-03-22 02:44:25', '2019-03-22 02:44:25'),
(112, 'Алай', '+996553270795', 6, NULL, NULL, NULL, NULL, '2019-03-23 15:17:33', '2019-03-23 15:17:33'),
(113, 'Алай', '+996553270795', 6, 14, NULL, NULL, NULL, '2019-03-23 15:22:35', '2019-03-23 15:22:35'),
(114, 'Алай', '+996553270795', 6, NULL, NULL, NULL, NULL, '2019-03-23 15:25:15', '2019-03-23 15:25:15'),
(115, 'Нургуль', '+996 (507) 080 705', 6, 13, NULL, NULL, NULL, '2019-03-25 09:55:13', '2019-03-25 09:55:13'),
(116, 'Тимур', '0551321911', 6, NULL, NULL, NULL, NULL, '2019-03-25 15:01:38', '2019-03-25 15:01:38'),
(117, 'Кымбат', '+996 704201670', 6, 13, NULL, NULL, NULL, '2019-03-25 15:55:15', '2019-03-25 15:55:15'),
(118, 'Зина', '0553141478', 6, NULL, NULL, NULL, NULL, '2019-03-26 14:10:50', '2019-03-26 14:10:50'),
(119, 'Нурсултан', '+996707480350', 6, NULL, NULL, NULL, NULL, '2019-03-26 19:10:39', '2019-03-26 19:10:39'),
(120, 'Данияр', '+996509556585', 6, 13, 10, NULL, NULL, '2019-03-27 17:10:56', '2019-03-27 17:10:56'),
(121, 'Мирзаев Руслан', '+996500220998', 6, 13, NULL, NULL, NULL, '2019-03-27 20:04:18', '2019-03-27 20:04:18'),
(122, 'Айканыш', '+996554552777', 6, 13, NULL, NULL, NULL, '2019-03-27 20:10:16', '2019-03-27 20:10:16'),
(123, 'Мадина', '+996705609900', 6, 13, NULL, NULL, NULL, '2019-03-28 01:19:32', '2019-03-28 01:19:32'),
(124, 'Чынара', '+996770228992', 6, NULL, NULL, NULL, NULL, '2019-03-28 13:00:11', '2019-03-28 13:00:11'),
(125, 'Элиза', '+996702707576', 6, NULL, NULL, NULL, NULL, '2019-03-28 16:24:07', '2019-03-28 16:24:07'),
(126, 'Элиза', '+996702707576', 6, NULL, NULL, NULL, NULL, '2019-03-28 16:24:08', '2019-03-28 16:24:08'),
(127, 'Камчыбек', '+996701600258', 6, NULL, NULL, NULL, NULL, '2019-03-28 19:38:38', '2019-03-28 19:38:38'),
(128, 'Айдана', '0508159415', 6, 13, NULL, NULL, NULL, '2019-03-28 20:23:21', '2019-03-28 20:23:21'),
(129, 'Аскар', '+996708487171', 6, 13, NULL, NULL, NULL, '2019-03-28 22:02:47', '2019-03-28 22:02:47'),
(130, 'Зульфия', '00996770225840', 6, NULL, NULL, NULL, NULL, '2019-03-29 11:45:02', '2019-03-29 11:45:02'),
(131, 'Аскар', '+996709151716', 6, NULL, NULL, NULL, NULL, '2019-03-29 14:37:15', '2019-03-29 14:37:15'),
(132, 'Урмат', '+996707191112', 6, 13, NULL, NULL, NULL, '2019-03-29 17:57:14', '2019-03-29 17:57:14'),
(133, 'Назира', '89687928300', 6, NULL, NULL, NULL, NULL, '2019-03-29 18:08:00', '2019-03-29 18:08:00'),
(134, 'Жылдыз', '+996777933889', 6, 13, NULL, NULL, NULL, '2019-03-29 19:42:59', '2019-03-29 19:42:59'),
(135, 'Улукбек', '0558997878', 6, 13, NULL, NULL, NULL, '2019-03-29 20:09:44', '2019-03-29 20:09:44'),
(136, 'Aziza', '+996704550666', 6, 15, NULL, NULL, NULL, '2019-03-29 21:20:21', '2019-03-29 21:20:21'),
(137, 'Шайлообек', '0553160391', 6, 13, NULL, NULL, NULL, '2019-03-30 00:23:41', '2019-03-30 00:23:41'),
(138, 'Улан', '0706497181', 6, NULL, NULL, NULL, NULL, '2019-03-30 08:50:05', '2019-03-30 08:50:05'),
(139, 'Улан', '0706497181', 6, NULL, NULL, NULL, NULL, '2019-03-30 08:50:06', '2019-03-30 08:50:06'),
(140, 'Улан', '0706497181', 6, NULL, NULL, NULL, NULL, '2019-03-30 08:50:56', '2019-03-30 08:50:56'),
(141, 'Шайлообек', '0553160391', 6, NULL, NULL, NULL, NULL, '2019-03-30 20:33:07', '2019-03-30 20:33:07'),
(142, 'Meerim', '+996559171091', 6, 13, 10, NULL, NULL, '2019-03-31 03:39:21', '2019-03-31 03:39:21'),
(143, 'Meerim', '+996559171091', 6, NULL, NULL, NULL, NULL, '2019-03-31 03:40:16', '2019-03-31 03:40:16'),
(144, 'Meerim', '+99655917101', 6, 13, 10, NULL, NULL, '2019-03-31 03:40:50', '2019-03-31 03:40:50'),
(145, 'Гулназ', '+996500485629', 6, 11, NULL, NULL, NULL, '2019-03-31 11:17:24', '2019-03-31 11:17:24'),
(146, 'Ольга', '+996700121212', 6, NULL, NULL, NULL, NULL, '2019-03-31 12:00:56', '2019-03-31 12:00:56'),
(147, 'Кирилл', '0555798181', 6, NULL, NULL, NULL, NULL, '2019-03-31 12:24:28', '2019-03-31 12:24:28'),
(148, 'Gulnara', '0708925083', 6, 13, NULL, NULL, NULL, '2019-03-31 13:26:25', '2019-03-31 13:26:25'),
(149, 'Babajide  Anthony  Fajana', '+234-8077366517', 6, NULL, NULL, NULL, NULL, '2019-03-31 22:40:47', '2019-03-31 22:40:47'),
(150, 'Begaiym', '+996709137065', 6, NULL, NULL, NULL, NULL, '2019-03-31 22:46:58', '2019-03-31 22:46:58'),
(151, 'Ырысбек', '+996705316566', 6, NULL, NULL, NULL, NULL, '2019-04-01 15:03:07', '2019-04-01 15:03:07'),
(152, 'Минсулуу', '+996704202044', 6, 13, NULL, NULL, NULL, '2019-04-01 16:16:25', '2019-04-01 16:16:25'),
(153, 'Эрлан', '+996700034043', 6, 13, NULL, NULL, NULL, '2019-04-01 18:13:22', '2019-04-01 18:13:22'),
(154, 'Эмир', '+996557087507', 6, 12, NULL, NULL, NULL, '2019-04-01 22:19:09', '2019-04-01 22:19:09'),
(155, 'Махабаь', '+996(552)008988', 6, NULL, NULL, 'Добрый день! Я на экзеле толком работать не умею, смогу ли я пройти курс фронт энд разработчика?', NULL, '2019-04-02 07:36:52', '2019-04-02 07:36:52'),
(156, 'Данияр', '+996500042024', 6, NULL, NULL, NULL, NULL, '2019-04-02 10:30:39', '2019-04-02 10:30:39'),
(157, 'hello world', '0500600282', 6, NULL, NULL, NULL, NULL, '2019-04-02 10:46:27', '2019-04-02 10:46:27'),
(158, 'Арис', '+996708378718', 6, NULL, NULL, NULL, NULL, '2019-04-02 12:04:21', '2019-04-02 12:04:21'),
(159, 'Elena Chigibaeva', '+996772921152', 6, 15, NULL, NULL, NULL, '2019-04-03 20:59:25', '2019-04-03 20:59:25'),
(160, 'Эрлан', '+996709242626', 6, 13, NULL, NULL, NULL, '2019-04-03 22:59:25', '2019-04-03 22:59:25'),
(161, 'Жаркынай', '+996773997043', 6, 13, NULL, NULL, NULL, '2019-04-03 23:36:12', '2019-04-03 23:36:12'),
(162, 'Талгат', '0702696001', 6, 13, NULL, NULL, NULL, '2019-04-04 00:16:42', '2019-04-04 00:16:42'),
(163, 'Назгуль', '0778854532', 6, 13, NULL, NULL, NULL, '2019-04-04 17:05:15', '2019-04-04 17:05:15'),
(164, 'Айгерим', '+996(505)920222', 6, NULL, NULL, NULL, NULL, '2019-04-04 19:21:25', '2019-04-04 19:21:25'),
(165, 'Айжан Тагаева', '+996558569551', 6, 13, NULL, NULL, NULL, '2019-04-05 15:37:52', '2019-04-05 15:37:52'),
(166, 'Артур', '+996556795095', 6, NULL, NULL, 'Здравствуйте, за курсы нужно оплачивать сразу всю сумму или можно по частям, по месяцам!', NULL, '2019-04-05 22:05:12', '2019-04-05 22:05:12'),
(167, 'Нурдан', '996220771414', 6, NULL, NULL, NULL, NULL, '2019-04-06 03:25:38', '2019-04-06 03:25:38'),
(168, 'Нуржан', '+996 755 70 50 13', 6, 13, NULL, NULL, NULL, '2019-04-06 15:30:03', '2019-04-06 15:30:03'),
(169, 'Жоомарт', '+996 (500)-05-72-71', 6, NULL, NULL, NULL, NULL, '2019-04-06 19:42:42', '2019-04-06 19:42:42'),
(170, 'Асек', '+996(700)208007', 6, 15, 12, NULL, NULL, '2019-04-06 19:55:11', '2019-04-06 19:55:11'),
(171, 'Нурсултан', '+996776995043', 6, 15, 12, NULL, NULL, '2019-04-08 00:15:54', '2019-04-08 00:15:54'),
(172, 'Эмилбек', '0550294848', 6, NULL, NULL, NULL, NULL, '2019-04-08 11:35:12', '2019-04-08 11:35:12'),
(173, 'Эмилбек', '0550294848', 6, NULL, NULL, NULL, NULL, '2019-04-08 11:35:17', '2019-04-08 11:35:17'),
(174, 'Nazik', '+996773835995', 6, NULL, NULL, NULL, NULL, '2019-04-08 15:55:53', '2019-04-08 15:55:53'),
(175, 'Бектур', '+996773566490', 6, NULL, NULL, NULL, NULL, '2019-04-08 20:48:33', '2019-04-08 20:48:33'),
(176, 'Алиса', '+996700001008', 6, 13, 10, NULL, NULL, '2019-04-09 16:59:58', '2019-04-09 16:59:58'),
(177, 'Молдоев Эрмек', '0700879989', 6, NULL, NULL, NULL, NULL, '2019-04-09 20:45:25', '2019-04-09 20:45:25'),
(178, 'asan kaygy', '1234567890', 6, 10, NULL, NULL, NULL, '2019-04-09 23:03:28', '2019-04-09 23:03:28'),
(179, 'Чолпон', '+996779417328', 6, NULL, NULL, NULL, NULL, '2019-04-09 23:48:05', '2019-04-09 23:48:05'),
(180, 'Erkin', '+996500500016', 6, 13, 10, NULL, NULL, '2019-04-10 16:24:39', '2019-04-10 16:24:39'),
(181, 'Аида Тойматова', '+996775585825', 6, 16, NULL, NULL, NULL, '2019-04-10 20:36:57', '2019-04-10 20:36:57'),
(182, 'Олеся', '+996700334588', 6, NULL, NULL, 'Здрасти', NULL, '2019-04-11 09:46:10', '2019-04-11 09:46:10'),
(183, 'БИЛАЛ', '0704719778', 6, NULL, NULL, NULL, NULL, '2019-04-11 11:11:46', '2019-04-11 11:11:46'),
(184, 'Атахан', '0774457065', 6, NULL, NULL, NULL, NULL, '2019-04-11 12:49:55', '2019-04-11 12:49:55'),
(185, 'Атахан', '0774457065', 6, NULL, NULL, NULL, NULL, '2019-04-11 12:50:19', '2019-04-11 12:50:19'),
(186, 'Байышбек', '996771712797', 6, NULL, NULL, NULL, NULL, '2019-04-11 17:02:20', '2019-04-11 17:02:20'),
(187, 'Байышбек', '996550290060', 6, NULL, NULL, NULL, NULL, '2019-04-11 17:04:50', '2019-04-11 17:04:50'),
(188, 'асема', '0551123456', 6, NULL, NULL, NULL, NULL, '2019-04-14 13:51:36', '2019-04-14 13:51:36'),
(189, 'асема', '0551123456', 6, NULL, NULL, NULL, NULL, '2019-04-14 13:51:38', '2019-04-14 13:51:38'),
(190, 'асема', '0551123456', 6, NULL, NULL, NULL, NULL, '2019-04-14 13:51:39', '2019-04-14 13:51:39'),
(191, 'асема', '551123456', 6, NULL, NULL, NULL, NULL, '2019-04-14 13:52:18', '2019-04-14 13:52:18'),
(192, 'Актилек', '+996755907097', 6, NULL, NULL, 'Здравствуйте! Можно ли поступить с аттестатом 9 класса?', NULL, '2019-04-15 08:58:50', '2019-04-15 08:58:50'),
(193, 'Актилек', '+996755907097', 6, NULL, NULL, 'Я сейчас учусь на 1 курсе и хочу поступить в It akademy! Нужно ли закончить до конца 1 курс или не обязательно?', NULL, '2019-04-15 09:02:25', '2019-04-15 09:02:25'),
(194, 'Назира', '+996555717781', 6, NULL, NULL, NULL, NULL, '2019-04-15 13:08:46', '2019-04-15 13:08:46'),
(195, 'влад', '0 550 20 63 90', 6, 11, NULL, NULL, NULL, '2019-04-15 19:04:29', '2019-04-15 19:04:29'),
(196, 'Таалай', '0701500601', 6, 13, NULL, NULL, NULL, '2019-04-16 19:01:41', '2019-04-16 19:01:41'),
(197, 'Эльман', '(0779) 524-843', 6, 13, NULL, NULL, NULL, '2019-04-16 19:02:06', '2019-04-16 19:02:06'),
(198, 'Эльман', '(0779) 524-843', 6, 13, NULL, NULL, NULL, '2019-04-16 19:02:08', '2019-04-16 19:02:08'),
(199, 'Айдар', '+996701100118', 6, NULL, NULL, NULL, NULL, '2019-04-19 15:34:27', '2019-04-19 15:34:27'),
(200, 'Айдар', '+996701100118', 6, NULL, NULL, NULL, NULL, '2019-04-19 15:34:32', '2019-04-19 15:34:32'),
(201, 'Гулбу', '0709156342', 6, NULL, NULL, NULL, NULL, '2019-04-19 20:40:27', '2019-04-19 20:40:27'),
(202, 'Залкар', '0777123456', 6, NULL, NULL, NULL, NULL, '2019-04-20 16:13:09', '2019-04-20 16:13:09'),
(203, 'Акылбек', '996508606060', 6, NULL, NULL, NULL, NULL, '2019-04-21 17:21:31', '2019-04-21 17:21:31'),
(204, 'Канжар', '+996702281808', 6, 10, NULL, NULL, NULL, '2019-04-21 19:58:53', '2019-04-21 19:58:53'),
(205, 'Канжар', '+996702281808', 6, 10, NULL, NULL, NULL, '2019-04-21 19:58:55', '2019-04-21 19:58:55'),
(206, 'Жеткин', '0501870543', 6, NULL, NULL, NULL, NULL, '2019-04-22 13:05:56', '2019-04-22 13:05:56'),
(207, 'Асель Айылчиева', '+996555420550', 6, NULL, NULL, 'Добрый день. Меня интересуют курсы  Scratch для ребёнка. Можно получить более подробную информацию? Какова оплата?\nasel_19@inbox.ru', NULL, '2019-04-22 14:32:03', '2019-04-22 14:32:03'),
(208, 'Бакдоолот Жумабаева', '+996 (708)381-901', 6, 10, 7, NULL, NULL, '2019-04-22 17:34:21', '2019-04-22 17:34:21'),
(209, 'Артем', '+996550646493', 6, 13, NULL, NULL, NULL, '2019-04-24 15:56:27', '2019-04-24 15:56:27'),
(210, 'Каримкул уулу Амантай', '0779041502', 6, NULL, NULL, NULL, NULL, '2019-04-24 19:18:48', '2019-04-24 19:18:48'),
(211, 'SAMAT', '+996 551151868', 6, NULL, NULL, NULL, NULL, '2019-04-26 14:50:59', '2019-04-26 14:50:59'),
(212, 'SAMAT', '551151868', 6, 15, NULL, NULL, NULL, '2019-04-26 15:09:41', '2019-04-26 15:09:41'),
(213, 'Айжан Тагаева', '+996 558 569 551', 6, 13, NULL, NULL, NULL, '2019-04-28 14:00:43', '2019-04-28 14:00:43'),
(214, 'Данияр Исмаилов', '0554550053', 6, 15, 12, NULL, NULL, '2019-04-28 16:34:43', '2019-04-28 16:34:43'),
(215, 'Каныбек', '+996706463146', 6, NULL, NULL, NULL, NULL, '2019-04-29 11:28:20', '2019-04-29 11:28:20'),
(216, 'Акылай', '89653336221', 6, NULL, NULL, 'Здраствуйте !хотела узнать сколько стоит обучение и сколько детей в группе .моему сыну 13 лет', NULL, '2019-04-30 03:27:46', '2019-04-30 03:27:46'),
(217, 'Акылай', '+89653336221', 6, NULL, NULL, NULL, NULL, '2019-04-30 03:29:28', '2019-04-30 03:29:28'),
(218, 'Азат', '+996700033501', 6, NULL, NULL, NULL, NULL, '2019-04-30 11:46:09', '2019-04-30 11:46:09'),
(219, 'Жаныл', '+996550272610', 6, NULL, NULL, NULL, NULL, '2019-05-03 13:03:33', '2019-05-03 13:03:33'),
(220, 'Урмат', '996706230201', 6, 13, NULL, NULL, NULL, '2019-05-04 23:06:13', '2019-05-04 23:06:13'),
(221, 'Малика', '+996 222 118 780', 6, 12, 9, NULL, NULL, '2019-05-06 11:12:34', '2019-05-06 11:12:34'),
(222, 'Адил', '+996507575787', 6, NULL, NULL, NULL, NULL, '2019-05-06 18:29:09', '2019-05-06 18:29:09'),
(223, 'eliza', '0700154063', 6, NULL, NULL, NULL, NULL, '2019-05-07 14:35:01', '2019-05-07 14:35:01'),
(224, 'Гуляим', '+996700686228', 6, 16, NULL, NULL, NULL, '2019-05-12 09:31:18', '2019-05-12 09:31:18'),
(225, 'Abduraximov Feruza', '+998904094416', 6, NULL, NULL, NULL, NULL, '2019-05-12 22:21:01', '2019-05-12 22:21:01'),
(226, 'Abduraximov Feruza', '+998904094416', 6, NULL, NULL, NULL, NULL, '2019-05-12 22:21:03', '2019-05-12 22:21:03'),
(227, 'Abduraximov Komoliddin', '+998904094416', 6, NULL, NULL, NULL, NULL, '2019-05-12 22:22:21', '2019-05-12 22:22:21'),
(228, 'Abduraximov Feruza', '+998904094416', 6, NULL, NULL, NULL, NULL, '2019-05-12 22:22:35', '2019-05-12 22:22:35'),
(229, 'Abduraximov Feruza', '+998904094416', 6, NULL, NULL, NULL, NULL, '2019-05-12 22:22:52', '2019-05-12 22:22:52'),
(230, 'Abduraximov Feruza', '+998904094416', 6, NULL, NULL, NULL, NULL, '2019-05-12 22:22:54', '2019-05-12 22:22:54'),
(231, 'Жылдыз', '+996700541920', 6, 12, NULL, NULL, NULL, '2019-05-13 10:11:17', '2019-05-13 10:11:17'),
(232, 'Salamat', '+996772417101', 6, NULL, NULL, NULL, NULL, '2019-05-13 17:24:19', '2019-05-13 17:24:19'),
(233, 'Азиз', '+996 708141441', 6, NULL, NULL, 'Планируется ли филиал в г.Талас? Если да, я желаю сотрудничать на волонтерской основе!', NULL, '2019-05-13 19:47:09', '2019-05-13 19:47:09'),
(234, 'Руслан мирзаев', '+996500220998', 6, NULL, NULL, NULL, NULL, '2019-05-14 10:00:31', '2019-05-14 10:00:31'),
(235, 'Бакыт Асанов', '+996 (704) 861-420', 6, NULL, NULL, NULL, NULL, '2019-05-14 10:30:53', '2019-05-14 10:30:53'),
(236, 'Нурбек', '+996507990888', 6, NULL, NULL, NULL, NULL, '2019-05-14 12:17:00', '2019-05-14 12:17:00'),
(237, 'Nursultan', 'nursultanzamirov1001', 6, NULL, NULL, NULL, NULL, '2019-05-14 13:46:08', '2019-05-14 13:46:08'),
(238, 'Nursultan', 'nursultanzamirov1001', 6, NULL, NULL, NULL, NULL, '2019-05-14 13:46:10', '2019-05-14 13:46:10'),
(239, 'Нурдин', '+9998500131012', 6, NULL, NULL, NULL, NULL, '2019-05-15 02:27:59', '2019-05-15 02:27:59'),
(240, 'Таалайбеков Улукбек', '+996 702 97 90 77', 6, NULL, NULL, NULL, NULL, '2019-05-16 14:37:53', '2019-05-16 14:37:53'),
(241, 'Медина', '+996772375977', 6, NULL, NULL, NULL, NULL, '2019-05-16 18:26:50', '2019-05-16 18:26:50'),
(242, 'Медина', '+996772305936', 6, 10, 7, NULL, NULL, '2019-05-16 18:32:09', '2019-05-16 18:32:09'),
(243, 'Медина', '+996772305936', 6, 10, 7, NULL, NULL, '2019-05-16 18:32:11', '2019-05-16 18:32:11'),
(244, 'Эржан', '+996704137447', 6, NULL, NULL, NULL, NULL, '2019-05-16 18:40:38', '2019-05-16 18:40:38'),
(245, 'Бест друг', '+2456_67738¥98', 6, NULL, NULL, NULL, NULL, '2019-05-18 12:01:16', '2019-05-18 12:01:16'),
(246, 'Бест друг', '+2456_67738¥98', 6, NULL, NULL, NULL, NULL, '2019-05-18 12:01:19', '2019-05-18 12:01:19'),
(247, 'Нурсултан', '707226078', 6, NULL, NULL, NULL, NULL, '2019-05-19 14:33:42', '2019-05-19 14:33:42'),
(248, 'Нурсултан', '0707225078', 6, NULL, NULL, NULL, NULL, '2019-05-19 14:33:59', '2019-05-19 14:33:59'),
(249, 'Semetey', '0706619995', 6, NULL, NULL, NULL, NULL, '2019-05-20 11:01:08', '2019-05-20 11:01:08'),
(250, 'Ринат', '+996700301901', 6, NULL, NULL, NULL, NULL, '2019-05-20 11:12:02', '2019-05-20 11:12:02'),
(251, 'Адилет', '+996709428149', 6, 13, NULL, NULL, NULL, '2019-05-20 20:18:21', '2019-05-20 20:18:21'),
(252, 'Бактыгуль', '+9960703744199', 6, NULL, NULL, NULL, NULL, '2019-05-21 16:11:18', '2019-05-21 16:11:18'),
(253, 'Чынтемир', '+996702040818', 6, NULL, NULL, NULL, NULL, '2019-05-21 18:02:06', '2019-05-21 18:02:06'),
(254, 'Анжелика', '+996(0703)415144', 6, NULL, NULL, NULL, NULL, '2019-05-21 19:28:40', '2019-05-21 19:28:40'),
(255, 'Зухра', '+9960707036379', 6, NULL, NULL, NULL, NULL, '2019-05-21 20:37:57', '2019-05-21 20:37:57'),
(256, 'Нурзат', '+996708620298', 6, NULL, NULL, NULL, NULL, '2019-05-22 00:49:18', '2019-05-22 00:49:18'),
(257, 'Turusbekova Asyl', '+996(707)114490', 6, NULL, NULL, NULL, NULL, '2019-05-22 09:45:36', '2019-05-22 09:45:36'),
(258, 'Turusbekova Asyl', '+996(707)114490', 6, NULL, NULL, NULL, NULL, '2019-05-22 09:45:38', '2019-05-22 09:45:38'),
(259, 'Айпери', '+996(702)01-02-11', 6, NULL, NULL, NULL, NULL, '2019-05-22 10:17:34', '2019-05-22 10:17:34'),
(260, 'Айдана', '+996500501181', 6, NULL, NULL, NULL, NULL, '2019-05-22 12:48:43', '2019-05-22 12:48:43'),
(261, 'Нурайым', '+996708880829', 6, NULL, NULL, NULL, NULL, '2019-05-22 13:36:20', '2019-05-22 13:36:20'),
(262, 'Айгерим', '996553723252', 6, NULL, NULL, NULL, NULL, '2019-05-22 20:34:48', '2019-05-22 20:34:48'),
(263, 'Канышай', '+996552072757', 6, NULL, NULL, NULL, NULL, '2019-05-22 21:10:00', '2019-05-22 21:10:00'),
(264, 'Береке', '+996778066087', 6, NULL, NULL, NULL, NULL, '2019-05-22 23:15:50', '2019-05-22 23:15:50'),
(265, 'Ainazik', '996700842437', 6, NULL, NULL, NULL, NULL, '2019-05-22 23:17:32', '2019-05-22 23:17:32'),
(266, 'Султаналиева Райхан Иманкуловна', '0704466104', 6, NULL, NULL, NULL, NULL, '2019-05-23 10:18:10', '2019-05-23 10:18:10'),
(267, 'Жибек', '+996700720596', 6, NULL, NULL, NULL, NULL, '2019-05-23 12:33:54', '2019-05-23 12:33:54'),
(268, 'Жаннат', '+996778590190', 6, NULL, NULL, NULL, NULL, '2019-05-23 18:01:25', '2019-05-23 18:01:25'),
(269, 'Нагима', '+996 (704) 301 201', 6, NULL, NULL, NULL, NULL, '2019-05-23 19:43:46', '2019-05-23 19:43:46'),
(270, 'Марлен', '996703016690', 6, NULL, NULL, NULL, NULL, '2019-05-23 20:21:13', '2019-05-23 20:21:13'),
(271, 'Бермет', '+996 (709) 970 610', 6, NULL, NULL, NULL, NULL, '2019-05-23 22:48:23', '2019-05-23 22:48:23'),
(272, 'Бермет', '+996 (709) 970 610', 6, NULL, NULL, NULL, NULL, '2019-05-23 22:48:26', '2019-05-23 22:48:26'),
(273, 'Бермет', '+996 (709) 970 610', 6, NULL, NULL, NULL, NULL, '2019-05-23 22:48:29', '2019-05-23 22:48:29'),
(274, 'Бермет', '+996 (709) 970 610', 6, NULL, NULL, NULL, NULL, '2019-05-23 22:48:32', '2019-05-23 22:48:32'),
(275, 'Бермет', '+996 (709) 970 610', 6, NULL, NULL, NULL, NULL, '2019-05-23 22:48:35', '2019-05-23 22:48:35'),
(276, 'Бермет', '+996 (709) 970 610', 6, NULL, NULL, NULL, NULL, '2019-05-23 22:48:38', '2019-05-23 22:48:38'),
(277, 'Бермет', '+996 (709) 970 610', 6, NULL, NULL, NULL, NULL, '2019-05-23 22:48:41', '2019-05-23 22:48:41'),
(278, 'Бермет', '+996 (709) 970 610', 6, NULL, NULL, NULL, NULL, '2019-05-23 22:48:45', '2019-05-23 22:48:45'),
(279, 'Бермет', '+996 (709) 970 610', 6, NULL, NULL, NULL, NULL, '2019-05-23 22:48:47', '2019-05-23 22:48:47'),
(280, 'Сезим', '+996709038584', 6, NULL, NULL, NULL, NULL, '2019-05-23 23:59:22', '2019-05-23 23:59:22'),
(281, 'Жылдыз', '+996 773532169', 6, NULL, NULL, NULL, NULL, '2019-05-24 09:11:55', '2019-05-24 09:11:55'),
(282, 'Дильноза', '+996552220230', 3, NULL, NULL, NULL, '', '2019-05-24 10:46:38', '2019-05-24 17:14:08'),
(283, 'Айназик', '+996700842437', 6, NULL, NULL, NULL, NULL, '2019-05-24 17:26:31', '2019-05-24 17:26:31'),
(284, 'Test', '+9664554', 6, NULL, NULL, NULL, NULL, '2019-05-24 18:01:38', '2019-05-24 18:01:38'),
(285, 'Айжана', '+996(704)292694', 6, NULL, NULL, NULL, NULL, '2019-05-24 19:57:18', '2019-05-24 19:57:18'),
(286, 'Gul', '0773632164', 6, NULL, NULL, NULL, NULL, '2019-05-25 01:26:36', '2019-05-25 01:26:36'),
(287, 'Gul', '0773632164', 6, NULL, NULL, NULL, NULL, '2019-05-25 01:26:38', '2019-05-25 01:26:38'),
(288, 'Gul', '0773632164', 6, 11, NULL, NULL, NULL, '2019-05-25 01:28:57', '2019-05-25 01:28:57'),
(289, 'Мээрим', '+996 550 45 00 91', 6, NULL, NULL, NULL, NULL, '2019-05-25 16:50:56', '2019-05-25 16:50:56'),
(290, 'Майрам', '+996779500258', 6, NULL, NULL, NULL, NULL, '2019-05-25 18:26:08', '2019-05-25 18:26:08'),
(291, 'Шерматова Даана', '+996557082585', 6, NULL, NULL, NULL, NULL, '2019-05-25 18:43:55', '2019-05-25 18:43:55'),
(292, 'Шерматова Даана', '+996557082585', 6, NULL, NULL, NULL, NULL, '2019-05-25 18:43:57', '2019-05-25 18:43:57'),
(293, 'Айдана', '+996709840042', 6, NULL, NULL, NULL, NULL, '2019-05-25 19:15:15', '2019-05-25 19:15:15'),
(294, 'Айдана', '+996709840042', 6, NULL, NULL, NULL, NULL, '2019-05-25 19:15:21', '2019-05-25 19:15:21'),
(295, 'Айдана', '+996709840042', 6, NULL, NULL, NULL, NULL, '2019-05-25 19:15:25', '2019-05-25 19:15:25'),
(296, 'Айпери', '996773977837', 6, NULL, NULL, 'После просмотра сайта остались следующие вопросы:\n1.Проводится ли обучение в южном филиале в Оше? \n2.Есть ли возможность обучения в вечернее время или в период летних каникул (кроме лагеря для подростков)? \n3.Какой язык программирования стоит выбрать "чайникам", которые не планируют делать карьеру п', NULL, '2019-05-25 19:18:55', '2019-05-25 19:18:55'),
(297, 'Айдана', '+996709840042', 6, NULL, NULL, NULL, NULL, '2019-05-25 19:23:10', '2019-05-25 19:23:10'),
(298, 'Kanyshai', '+996701885887', 6, NULL, NULL, NULL, NULL, '2019-05-25 20:57:17', '2019-05-25 20:57:17'),
(299, 'Жика', '+996708195490', 6, NULL, NULL, NULL, NULL, '2019-05-26 00:02:25', '2019-05-26 00:02:25'),
(300, 'Жаныл', '0559059775', 6, NULL, NULL, NULL, NULL, '2019-05-26 05:19:27', '2019-05-26 05:19:27'),
(301, 'Расул Асанбаев', '+996702479993', 6, NULL, NULL, NULL, NULL, '2019-05-26 08:06:03', '2019-05-26 08:06:03'),
(302, 'Шайыра', '0707984045', 6, NULL, NULL, NULL, NULL, '2019-05-26 10:34:38', '2019-05-26 10:34:38'),
(303, 'Айгуль', '+996703564000', 6, NULL, NULL, NULL, NULL, '2019-05-26 10:41:36', '2019-05-26 10:41:36'),
(304, 'Бермет', '+996 703 33 22 15', 6, NULL, NULL, NULL, NULL, '2019-05-26 11:41:36', '2019-05-26 11:41:36'),
(305, 'Бермет', '+996 703 33 22 16', 6, NULL, NULL, NULL, NULL, '2019-05-26 11:41:57', '2019-05-26 11:41:57'),
(306, 'Зарина', '+996502570571', 6, NULL, NULL, NULL, NULL, '2019-05-26 16:21:05', '2019-05-26 16:21:05'),
(307, 'Жылдыз', '+996500206500', 6, NULL, NULL, NULL, NULL, '2019-05-26 17:12:19', '2019-05-26 17:12:19'),
(308, 'Султаналиева Райхан Иманкуловна', '0704466104', 6, NULL, NULL, 'Здравствуйте! Я приходила к вам и написала тест. Я бы хотела узнать, прошла ли я ) жду ответа', NULL, '2019-05-26 17:56:50', '2019-05-26 17:56:50'),
(309, 'Алина', '+996501959789', 6, NULL, NULL, NULL, NULL, '2019-05-26 18:42:49', '2019-05-26 18:42:49'),
(310, 'Наргиза', '+996779646124', 6, NULL, NULL, NULL, NULL, '2019-05-26 21:09:41', '2019-05-26 21:09:41'),
(311, 'Наргиз', '+996707662145', 6, NULL, NULL, NULL, NULL, '2019-05-26 21:11:26', '2019-05-26 21:11:26'),
(312, 'Айзада', '+996556000541', 6, NULL, NULL, NULL, NULL, '2019-05-26 22:43:34', '2019-05-26 22:43:34'),
(313, 'Рано', '+996703208443', 6, NULL, NULL, NULL, NULL, '2019-05-27 07:53:10', '2019-05-27 07:53:10'),
(314, 'Цезарь', '+996 776 005 776', 6, NULL, NULL, NULL, NULL, '2019-05-27 11:02:38', '2019-05-27 11:02:38'),
(315, 'Цезарь', '+996 776 005 776', 6, 15, NULL, NULL, NULL, '2019-05-27 11:06:35', '2019-05-27 11:06:35'),
(316, 'Dil''fuza', '+996500129000', 6, NULL, NULL, NULL, NULL, '2019-05-27 12:27:32', '2019-05-27 12:27:32'),
(317, 'Бурул', '+996703733312', 6, NULL, NULL, NULL, NULL, '2019-05-27 12:46:01', '2019-05-27 12:46:01'),
(318, 'Жылдыз', '+996554541920', 6, 13, 10, NULL, NULL, '2019-05-27 17:14:04', '2019-05-27 17:14:04'),
(319, 'Адина', '+996557294557', 6, NULL, NULL, NULL, NULL, '2019-05-28 00:36:38', '2019-05-28 00:36:38'),
(320, 'Алмаз', '+996500495888', 6, 15, NULL, NULL, NULL, '2019-05-28 15:04:45', '2019-05-28 15:04:45'),
(321, 'Элдана', '+996776928980', 6, NULL, NULL, NULL, NULL, '2019-05-28 22:22:32', '2019-05-28 22:22:32'),
(322, 'Айганыш', '+996708013849', 6, NULL, NULL, NULL, NULL, '2019-05-28 23:39:31', '2019-05-28 23:39:31'),
(323, 'Айтурган Сабырова', '+996 703 515 018', 6, NULL, NULL, NULL, NULL, '2019-05-29 07:04:19', '2019-05-29 07:04:19'),
(324, 'Бермет', '+996(500) 099 030', 6, NULL, NULL, NULL, NULL, '2019-05-29 09:01:48', '2019-05-29 09:01:48'),
(325, 'Азиза', '0755579692', 6, NULL, NULL, NULL, NULL, '2019-05-29 14:08:09', '2019-05-29 14:08:09'),
(326, 'Динара', '+996559116696', 6, NULL, NULL, NULL, NULL, '2019-05-29 16:42:02', '2019-05-29 16:42:02'),
(327, 'Арсен Беков', '+996755311489', 6, 12, NULL, NULL, NULL, '2019-05-29 17:02:14', '2019-05-29 17:02:14'),
(328, 'Жанышбек', '0702613350', 6, NULL, NULL, NULL, NULL, '2019-05-29 20:50:31', '2019-05-29 20:50:31'),
(329, 'Эркинай', '+996(708)182020', 6, NULL, NULL, 'Здравствуйте! Учусь на джава и на андроид разработке 5мясецев, можно ли будет присоединиться уже к группе которая начала учиться в феврале? И оплату можно произвести каждый месяц?', NULL, '2019-05-29 21:40:02', '2019-05-29 21:40:02');

-- --------------------------------------------------------

--
-- Table structure for table `application_status`
--

CREATE TABLE IF NOT EXISTS `application_status` (
  `id` int(11) NOT NULL AUTO_INCREMENT,
  `name` varchar(20) DEFAULT NULL,
  `description` varchar(300) DEFAULT NULL,
  `background_color` varchar(30) DEFAULT NULL,
  `font_color` varchar(30) DEFAULT NULL,
  `sortable_rank` int(11) DEFAULT NULL,
  PRIMARY KEY (`id`)
) ENGINE=InnoDB  DEFAULT CHARSET=utf8 AUTO_INCREMENT=7 ;

--
-- Dumping data for table `application_status`
--

INSERT INTO `application_status` (`id`, `name`, `description`, `background_color`, `font_color`, `sortable_rank`) VALUES
(3, 'Обработан', '', 'rgba(36,255,0,1)', '#FFFFFF', 1),
(6, 'В ожидании', '', 'rgba(143,0,255,1)', '#FFFFFF', 2);

-- --------------------------------------------------------

--
-- Table structure for table `branch`
--

CREATE TABLE IF NOT EXISTS `branch` (
  `id` int(11) NOT NULL AUTO_INCREMENT,
  `show_on_website` tinyint(1) NOT NULL DEFAULT '1',
  `name` varchar(255) DEFAULT NULL,
  `address` varchar(255) DEFAULT NULL,
  `geographic_coordinates` mediumblob,
  `tel` varchar(25) DEFAULT NULL,
  `email` varchar(128) DEFAULT NULL,
  `instagram_link` varchar(255) DEFAULT NULL,
  `facebook_link` varchar(255) DEFAULT NULL,
  `sortable_rank` int(11) DEFAULT NULL,
  PRIMARY KEY (`id`)
) ENGINE=InnoDB  DEFAULT CHARSET=utf8 AUTO_INCREMENT=4 ;

--
-- Dumping data for table `branch`
--

INSERT INTO `branch` (`id`, `show_on_website`, `name`, `address`, `geographic_coordinates`, `tel`, `email`, `instagram_link`, `facebook_link`, `sortable_rank`) VALUES
(1, 1, 'Бишкек', 'г. Бишкек, Жумабека 141 ориентир(эркиндик/жумабека)', 0x4f3a33393a22436f72655c4d6f64656c5c4272616e63685c47656f67726170686963436f6f7264696e61746573223a323a7b733a34353a2200436f72655c4d6f64656c5c4272616e63685c47656f67726170686963436f6f7264696e61746573006c6f6e67223b733a31373a2237342e3630353932373332353031303338223b733a34343a2200436f72655c4d6f64656c5c4272616e63685c47656f67726170686963436f6f7264696e61746573006c6174223b733a31383a2234322e383832303631313234323037363935223b7d, '+996 (772) 000 562', 'itacademy98@gmail.com', 'https://www.instagram.com/itacademy.kg/', 'https://www.facebook.com/groups/677106115786158', 1),
(2, 1, 'Ош', 'г. Ош, 714003, ул.Петрова б/н', 0x4f3a33393a22436f72655c4d6f64656c5c4272616e63685c47656f67726170686963436f6f7264696e61746573223a323a7b733a34353a2200436f72655c4d6f64656c5c4272616e63685c47656f67726170686963436f6f7264696e61746573006c6f6e67223b733a31373a2237322e3738303730313230303030303037223b733a34343a2200436f72655c4d6f64656c5c4272616e63685c47656f67726170686963436f6f7264696e61746573006c6174223b733a31303a2234302e35353134393233223b7d, '+996 (779) 609 000', 'itacademy98@gmail.com', NULL, NULL, 2),
(3, 1, 'Каракол', 'г. Каракол, Есенина-1, здание лицея им. Т. Сатылганова', 0x4f3a33393a22436f72655c4d6f64656c5c4272616e63685c47656f67726170686963436f6f7264696e61746573223a323a7b733a34353a2200436f72655c4d6f64656c5c4272616e63685c47656f67726170686963436f6f7264696e61746573006c6f6e67223b733a31373a2237382e3339353539383630303030303038223b733a34343a2200436f72655c4d6f64656c5c4272616e63685c47656f67726170686963436f6f7264696e61746573006c6174223b733a31303a2234322e34373832313032223b7d, '+996 (556) 521 138', 'itacademy98@gmail.com', NULL, NULL, 3);

-- --------------------------------------------------------

--
-- Table structure for table `config`
--

CREATE TABLE IF NOT EXISTS `config` (
  `id` int(11) NOT NULL AUTO_INCREMENT,
  `key` varchar(60) DEFAULT NULL,
  `value` int(11) DEFAULT NULL,
  `data` varchar(255) DEFAULT NULL,
  `seo` mediumblob,
  PRIMARY KEY (`id`)
) ENGINE=InnoDB  DEFAULT CHARSET=utf8 AUTO_INCREMENT=13 ;

--
-- Dumping data for table `config`
--

INSERT INTO `config` (`id`, `key`, `value`, `data`, `seo`) VALUES
(1, 'allow_users_choose_group', 0, NULL, NULL),
(2, 'default_application_status', 6, NULL, NULL),
(3, 'default_user_group', 4, NULL, NULL),
(4, 'default_site_manager_group_id', 1, NULL, NULL),
(5, 'default_task_status', 1, NULL, NULL),
(6, 'default_instructor_group', 2, NULL, NULL),
(7, 'default_course_stream_status', 3, NULL, NULL),
(8, 'default_vacancy_status', 1, NULL, NULL),
(9, 'course_stream_recruitment_status', 3, NULL, NULL),
(10, 'default_shown_currency_id', 1, NULL, NULL),
(11, 'default_currency_id', 3, NULL, NULL),
(12, 'default_branch', 1, NULL, NULL);

-- --------------------------------------------------------

--
-- Table structure for table `course`
--

CREATE TABLE IF NOT EXISTS `course` (
  `id` int(11) NOT NULL AUTO_INCREMENT,
  `name` varchar(20) DEFAULT NULL,
  `description` text,
  `alt_url` varchar(255) NOT NULL,
  `logo_name` varchar(255) DEFAULT NULL,
  `cover_name` varchar(255) DEFAULT NULL,
  `title` varchar(255) NOT NULL,
  `context` text,
  `notes` varchar(300) DEFAULT NULL,
  `use_notes` varchar(700) NOT NULL,
  `uses` mediumblob,
  `meta_description` text,
  `meta_keywords` text,
  `created_at` datetime DEFAULT NULL,
  `updated_at` datetime DEFAULT NULL,
  PRIMARY KEY (`id`)
) ENGINE=InnoDB  DEFAULT CHARSET=utf8 AUTO_INCREMENT=17 ;

--
-- Dumping data for table `course`
--

INSERT INTO `course` (`id`, `name`, `description`, `alt_url`, `logo_name`, `cover_name`, `title`, `context`, `notes`, `use_notes`, `uses`, `meta_description`, `meta_keywords`, `created_at`, `updated_at`) VALUES
(10, 'Java/Mobile App', '<p>Android разработка – это процесс, где приложения создаются для небольших портативных устройств исключетельно разработанных на базе Android. Данные приложения могут быть установлены во время производства, загружены пользователем или являться веб-приложениями. Это быстрорастущая сфера, которая приносит многомиллиардную прибыль.<br></p>', 'java-mobile-app', 'uNjpjpntA5rGXZ4.png', 'Kb4V6aMkeb93a4d.png', 'Java/Mobile App', '<p>Android разработка – это процесс, где приложения создаются для небольших портативных устройств исключетельно разработанных на базе Android. Данные приложения могут быть установлены во время производства, загружены пользователем или являться веб-приложениями.<br></p>', 'Освойте одну из самых востребованных профессий всего за 9 месяцев.\nМы гарантируем стажировку с последующим трудоустройством для студентов с хорошей успеваемостью.', 'По всему миру миллионы компаний разрабатывают приложения для Android и вот, некоторые из них:', 0x613a373a7b693a303b733a31313a225245444d4144524f424f54223b693a313b733a31343a22546f75636820496e7374696e6374223b693a323b733a383a22652d4c6567696f6e223b693a333b733a31333a22436c6576657250756d706b696e223b693a343b733a383a224d6f62696c655570223b693a353b733a363a22536562626961223b693a363b733a343a224b6f6465223b7d, NULL, NULL, '2019-02-15 15:17:03', '2019-02-16 05:43:05'),
(11, 'PHP', '<p>PHP (PHP: Hypertext Preprocessor — «PHP: препроцессор гипертекста») является одним из любимых языков программирования в сфере информационных технологий. Приложения, маленькие сайты, гостевые книги, сайты-визитки, большие и многофункциональные проекты претворились в жизнь благодаря именно php. У данного языка столько возможностей, что он может делать невозможное.<br></p>', 'php', 'k4G7lP4RRGMw5zr.png', 'a5Sd1n9JQ2po1Ve.png', 'PHP', '<p>PHP (PHP: Hypertext Preprocessor — «PHP: препроцессор гипертекста») является одним из любимых языков программирования в сфере информационных технологий. Приложения, маленькие сайты, гостевые книги, сайты-визитки, большие и многофункциональные проекты претворились в жизнь благодаря именно php.<br></p>', 'Освойте одну из самых востребованных профессий всего за 9 месяцев. Мы гарантируем стажировку с последующим трудоустройством для студентов с хорошей успеваемостью.', 'PHP используется в разработке множества приложений, которые широко используются на различных сайтах, форумах и блогах:', 0x613a31363a7b693a303b733a363a2244727570616c223b693a313b733a353a225479706f33223b693a323b733a363a224a6f6f6d6c61223b693a333b733a393a22576f72647072657373223b693a343b733a373a224d6167656e746f223b693a353b733a31303a226f73436f6d6d65726365223b693a363b733a383a224f70656e43617274223b693a373b733a31303a227068704d7941646d696e223b693a383b733a31303a22436f707065726d696e65223b693a393b733a31353a2247616c6c6572792050726f6a656374223b693a31303b733a373a2234696d61676573223b693a31313b733a393a224d6564696157696b69223b693a31323b733a383a22446f6b7557696b69223b693a31333b733a353a227068704242223b693a31343b733a333a22534d46223b693a31353b733a393a227642756c6c6574696e223b7d, NULL, NULL, '2019-02-15 15:46:45', '2019-02-16 05:09:43'),
(12, 'Java', '<p>Java- это один из самых популярных языков программирования на сегодняшний день. Существует большое количество приложений и веб-сайтов которые не могут функционировать без наличия установленной Java, и с каждым днем необходимость использования Java в разработке веб-сайтов и приложений неуклонно растет. Уникальные черты которые ставят Java особняком от других языко программирования заключаются в: быстроте, высоким уровнем защиты и надежностью данного языка.<br></p>', 'java', 'dxpgSJr7XxDMOWV.png', 'TFzYWwlk0KYr90F.png', 'Java', '<p>Java- это один из самых популярных языков программирования на сегодняшний день. Существует большое количество приложений и веб-сайтов которые не могут функционировать без наличия установленной Java, и с каждым днем необходимость использования Java в разработке веб-сайтов и приложений неуклонно растет.&nbsp;<br></p>', 'Освойте одну из самых востребованных профессий всего за 9 месяцев.\nМы гарантируем стажировку с последующим трудоустройством для студентов с хорошей успеваемостью.', 'Java прежде всего - это язык, который используется для серверных приложений в крупных корпорациях. Особенно часто Java используется в банках, страховых компаниях, розничных сетях.', 0x613a343a7b693a303b733a32363a22d09265d0b12dd0bfd180d0b8d0bbd0bed0b6d0b5d0bdd0b8d18f223b693a313b733a34353a22d0a2d180d0b5d0b9d0b4d0b8d0bdd0b3d0bed0b2d18bd0b520d0bfd180d0b8d0bbd0bed0b6d0b5d0bdd0b8d18f223b693a323b733a32383a22416e64726f696420d0bfd180d0b8d0bbd0bed0b6d0b5d0bdd0b8d18f223b693a333b733a33393a22d092d181d182d180d0b0d0b8d0b2d0b0d0b5d0bcd18bd0b520d181d0b8d181d182d0b5d0bcd18b223b7d, NULL, NULL, '2019-02-15 17:06:33', '2019-02-16 05:28:29'),
(13, 'Front-End', '<p>Front-end – это создание клиентской стороны сайта. Другими словами, Front-end разработчики занимаются созданием пользовательского интерфейса. Главная цель Front-end разработчика - сделать сайт максимально удобным для пользователя. Данный курс отлично подойдет тем людям, которые не работают в сфере IT, но хотели бы получить новые знания и быть ознакомлены с азами сферы.<br></p>', 'front-end', 'bmxcSEKgVu4yNyk.png', '4MzyQwDfc6z3ojM.png', 'Front-End', '<p>Front-end – это создание клиентской стороны сайта. Другими словами, Front-end разработчики занимаются созданием пользовательского интерфейса. Главная цель Front-end разработчика - сделать сайт максимально удобным для пользователя.<br></p>', 'Станьте обладателем профессии Front - End разработчика за 7 месяцев.', 'Front-end разработчик касался всего что вы видите в интеренете. Таким образом, спрос на данных людей всегда останется большим.', 0x613a313a7b693a303b733a383a225765622053697465223b7d, NULL, NULL, '2019-02-15 17:38:29', '2019-02-25 14:39:17'),
(14, 'C#', '<p>C# или как его иногда назывют, С Sharp – элегантный объектно-ориентированный язык прграммирования, которые дает возможность создавать множество безопасных и надежных приложений, функционирующие на платформе .NET Framework. Синтаксис C# очень богат, но к удивлению новичков он очень прост и удобен в изучении.<br></p>', 'c', 'ttuA8uUeYK7quEj.png', NULL, 'C#', '<p>C# или как его иногда назывют, С Sharp – элегантный объектно-ориентированный язык прграммирования, которые дает возможность создавать множество безопасных и надежных приложений, функционирующие на платформе .NET Framework.<br></p>', 'Освойте одну из самых востребованных профессий всего за 9 месяцев.\nМы гарантируем стажировку с последующим трудоустройством для студентов с хорошей успеваемостью.', 'C# используется для создания клиентских приложений Windows, XML-веб-служб, распределенных компонентов, приложений клиент-сервер, приложений баз данных и т. д. Вот несколько примеров где используется C#:', 0x613a343a7b693a303b733a393a2257696e646f77732038223b693a313b733a343a2258426f78223b693a323b733a31333a2257696e646f77732050686f6e65223b693a333b733a31333a224153502e6e6574202857656229223b7d, NULL, NULL, '2019-02-16 04:53:20', '2019-02-16 05:26:42'),
(15, 'Python', '<p>Python - считается высокоурровневым языком программирования и в тоже время, самым легким. Cвязано это с его простотой, читаемостью и синтаксисом. В прошлом, Python не был популярен в программровании, но благодаря инвестциям GOOGLE, язык начал стремительно набирать обороты на рынке информационных технологий.<br></p>', 'python', 'e2JyAUP8oyKvgG1.png', NULL, 'Python', '<p>Python - считается высокоурровневым языком программирования и в тоже время, самым легким. Cвязано это с его простотой, читаемостью и синтаксисом.<br></p>', 'Освойте одну из самых востребованных профессий всего за 9 месяцев.\nМы гарантируем стажировку с последующим трудоустройством для студентов с хорошей успеваемостью.', 'На данный момент множество известных сайтов и программ используют Python:', 0x613a353a7b693a303b733a393a22496e7374616772616d223b693a313b733a393a2250696e746572657374223b693a323b733a343a225264696f223b693a333b733a373a22596f7574756265223b693a343b733a31303a22426974546f7272656e74223b7d, NULL, NULL, '2019-02-16 04:58:31', '2019-02-16 07:04:30'),
(16, 'Scratch', '<p>Курс Scratch&nbsp;</p><p>Возраст: 8-13 лет  Длительность курса: 2 месяца  График курсов:  пн/ср/пт с в 10:00 и до 11:15 Старт курса: ?&nbsp;</p><p>Сейчас это элементарные знания, да. Совсем скоро такими же элементарными знаниями будут основы программирования.</p><p>Все кругом переходит в digital.</p><p>Поэтому наша задача - подготовить подрастающее поколение к цифровому будущему.</p><p>⠀</p><p>В IT Academy открыт набор на курс SCRATCH для детей от 8 до 13 лет.</p><p>Здесь Ваших детей научат создавать видеоигры, мультфильмы, презентации, интерактивные истории, компьютерные модели и обучающие программы.</p><p>⠀</p><p>SCRATCH курс заложит в Вашем чаде любовь к программированию и IT технологиям.</p>', 'scratch', NULL, NULL, 'Scratch', '<p>Курс Scratch&nbsp;</p><p>Возраст: 8-13 лет  Длительность курса: 2 месяца  График курсов:  пн/ср/пт с в 10:00 и до 11:15 Старт курса: ?&nbsp;</p><p>Сейчас это элементарные знания, да. Совсем скоро такими же элементарными знаниями будут основы программирования.</p><p>Все кругом переходит в digital.</p><p>Поэтому наша задача - подготовить подрастающее поколение к цифровому будущему.</p><p>⠀</p><p>В IT Academy открыт набор на курс SCRATCH для детей от 8 до 13 лет.</p><p>Здесь Ваших детей научат создавать видеоигры, мультфильмы, презентации, интерактивные истории, компьютерные модели и обучающие программы.</p><p>⠀</p><p>SCRATCH курс заложит в Вашем чаде любовь к программированию и IT технологиям.</p>', '', '', 0x613a313a7b693a303b733a373a226d617373697665223b7d, NULL, NULL, '2019-04-01 15:37:44', '2019-04-01 15:37:44');

-- --------------------------------------------------------

--
-- Table structure for table `course_skill`
--

CREATE TABLE IF NOT EXISTS `course_skill` (
  `id` int(11) NOT NULL AUTO_INCREMENT,
  `name` varchar(50) DEFAULT NULL,
  `description` text,
  `logo_name` varchar(255) DEFAULT NULL,
  `course_id` int(11) NOT NULL,
  `sortable_rank` int(11) DEFAULT NULL,
  `created_at` datetime DEFAULT NULL,
  `updated_at` datetime DEFAULT NULL,
  PRIMARY KEY (`id`),
  KEY `course_skill_fi_ebed28` (`course_id`)
) ENGINE=InnoDB  DEFAULT CHARSET=utf8 AUTO_INCREMENT=33 ;

--
-- Dumping data for table `course_skill`
--

INSERT INTO `course_skill` (`id`, `name`, `description`, `logo_name`, `course_id`, `sortable_rank`, `created_at`, `updated_at`) VALUES
(9, 'Среда разработки', '<p>Работать с Android Studio, Android SDK<br></p>', 'm4zIaUyjhHFv7ph.png', 10, 1, '2019-02-15 15:17:59', '2019-02-16 05:44:43'),
(10, 'Логика приложений', '<p>Понимать принципы работы и устройства android приложений<br></p>', 'vzqrm4GbZBWJJey.png', 10, 2, '2019-02-15 15:18:33', '2019-02-16 05:38:07'),
(11, 'Начинка разработки', '<p>Понимать принципы работы клиент-серверного приложения<br></p>', 'pduU5k927YpSxLs.png', 10, 3, '2019-02-15 15:19:01', '2019-02-16 05:38:46'),
(12, 'Простая работа с MVP', '<p>Понимать и работать с архитектурными паттернами<br></p>', 'iqQzQtuEuK20YSN.png', 10, 4, '2019-02-15 15:19:30', '2019-02-16 05:39:16'),
(13, 'Создание авторизации', '<p>Создавать собственную структуру авторизации и аутентификации, распределяя функционал по типам пользователей системы<br></p>', 'ie22GhFNDDwlqaQ.png', 11, 1, '2019-02-15 15:48:43', '2019-02-16 06:37:12'),
(14, 'Работа с изображениями', '<p>Работать с файлами изображения по конвертации с одного формата в другой, дублирование по размерам и т.д<br></p>', '0JhQYBEhBWM5GJR.png', 11, 2, '2019-02-15 16:52:17', '2019-02-16 06:37:21'),
(15, 'Структура сайта и базы данных', '<p>Проектировать структуру реляционной базы данных для несложных систем<br></p>', 'lSsVTHpbnWUNKqX.png', 11, 3, '2019-02-15 16:53:58', '2019-02-16 06:37:57'),
(16, 'Виртуальный хостинг', '<p>Устанавливать и настраивать apache, php, mysql<br></p>', 'zXsrGDIuTbzYntX.png', 11, 4, '2019-02-15 16:54:43', '2019-02-16 06:38:29'),
(17, 'Простая верстка', '<p>Базовые знания верстки: HTML, CSS, Bootstrap<br></p>', '9LJvX7MzWRmTPR2.png', 12, 1, '2019-02-15 17:22:12', '2019-02-16 06:47:48'),
(18, 'Front End', '<p>Навыки проектирования архитектуры, использования шаблонов проектирования, принципов SOLID, следованию code style<br></p>', 'NQosgazKKtVBnNA.png', 12, 2, '2019-02-15 17:22:42', '2019-02-16 06:49:03'),
(19, 'Проектирование ТЗ', '<p>Навыки успешного прохождения собеседований и общения с заказчиками<br></p>', '5ZXG91PcQOjwGDk.png', 12, 3, '2019-02-15 17:23:18', '2019-02-16 06:49:34'),
(20, 'Тестирование проекта', '<p>Навыки автоматизированного тестирования кода<br></p>', 'c3lqJbrtzca82Ag.png', 12, 4, '2019-02-15 17:27:19', '2019-02-16 06:50:03'),
(21, 'Базовый  Front-End', '<p>Разбираться структурной составляющей HTML5, CSS3, JavaScript<br></p>', 'flC57IBM8sVr7Gb.png', 13, 1, '2019-02-16 04:48:38', '2019-02-16 06:42:11'),
(22, 'Основы Javascript', '<p>Правила стилизации элементов, работающих с JS<br></p>', 'Vx36ItJUEOcGWeS.png', 13, 2, '2019-02-16 04:49:17', '2019-02-16 06:45:11'),
(23, 'Дизайн и каркас сайта', '<p>Технологии создания адаптивной и резиновой верстки<br></p>', 'mzSueYkblNZxZ4u.png', 13, 3, '2019-02-16 04:50:03', '2019-02-16 06:43:22'),
(24, 'Структура дизайна', '<p>Работать с основами Web дизайна<br></p>', '6zabwRqV68IYuhL.png', 13, 4, '2019-02-16 04:50:44', '2019-02-16 06:45:49'),
(25, 'Ход работы', '<p>Планировать и оценивать свою работу<br></p>', 'tacUFrUgcjcE9X0.png', 14, 1, '2019-02-16 04:54:04', '2019-02-16 06:53:07'),
(26, 'Работа с SQL', '<p>Понимать блок по проектированию баз данных (будет знать типы связей, будет уметь писать SQL- запросы)<br></p>', '4y4Eva4r3EMwKQL.png', 14, 2, '2019-02-16 04:55:59', '2019-02-16 06:53:36'),
(27, 'Логика разработки', '<p>Использовать системы контроля версий(SVN\\Git), и писать приемочные и модульные тесты<br></p>', 'vzkQ3SAf7gDa3yH.png', 14, 3, '2019-02-16 04:56:36', '2019-02-16 06:54:01'),
(28, 'API', '<p>Работать с API<br></p>', 'TV4LRIuO9b4e9qa.png', 14, 4, '2019-02-16 04:56:55', '2019-02-16 06:54:35'),
(29, 'Разработка приложений', '<p>Настраивать и публиковать Python приложение в рабочей среде<br></p>', 'fhCzPSo7Kb1uL6Q.png', 15, 1, '2019-02-16 04:59:11', '2019-02-16 05:52:11'),
(30, 'Структура приложений', '<p>Создавать виртуальные окружения и изоляции между приложениями<br></p>', 'uUAa7PKmUIZCrbb.png', 15, 2, '2019-02-16 04:59:37', '2019-02-16 05:52:43'),
(31, 'Работа с Django', '<p>Использовать популярные плагины и пакеты для Django<br></p>', 'DPd2Q59Uo5KJrMA.png', 15, 3, '2019-02-16 05:00:08', '2019-02-16 05:53:56'),
(32, 'Работа с базами данных', '<p>Работать с базами данных MySQL и Sqlite<br></p>', 'qPRHJlf4ztOud1f.png', 15, 4, '2019-02-16 05:00:49', '2019-02-16 05:54:48');

-- --------------------------------------------------------

--
-- Table structure for table `course_stream`
--

CREATE TABLE IF NOT EXISTS `course_stream` (
  `id` int(11) NOT NULL AUTO_INCREMENT,
  `name` varchar(20) DEFAULT NULL,
  `description` text,
  `number_of_places` int(11) NOT NULL,
  `notes` varchar(300) DEFAULT NULL,
  `starts_at` date NOT NULL,
  `ends_at` date NOT NULL,
  `show_on_website` tinyint(1) NOT NULL DEFAULT '0',
  `cost` float NOT NULL,
  `branch_id` int(11) NOT NULL,
  `currency_id` int(11) NOT NULL,
  `course_id` int(11) NOT NULL,
  `course_stream_status_id` int(11) NOT NULL,
  `instructor_id` int(11) DEFAULT NULL,
  `created_at` datetime DEFAULT NULL,
  `updated_at` datetime DEFAULT NULL,
  PRIMARY KEY (`id`),
  KEY `course_stream_fi_16a5a4` (`currency_id`),
  KEY `course_stream_fi_e53930` (`instructor_id`),
  KEY `course_stream_fi_ebed28` (`course_id`),
  KEY `course_stream_fi_f865a5` (`course_stream_status_id`),
  KEY `course_stream_fi_6cc548` (`branch_id`)
) ENGINE=InnoDB  DEFAULT CHARSET=utf8 AUTO_INCREMENT=14 ;

--
-- Dumping data for table `course_stream`
--

INSERT INTO `course_stream` (`id`, `name`, `description`, `number_of_places`, `notes`, `starts_at`, `ends_at`, `show_on_website`, `cost`, `branch_id`, `currency_id`, `course_id`, `course_stream_status_id`, `instructor_id`, `created_at`, `updated_at`) VALUES
(7, 'Java-Android-1', '<p><br></p>', 15, '', '2019-02-01', '2019-10-01', 1, 1000, 1, 1, 10, 5, 14, '2019-02-16 07:34:53', '2019-03-18 15:52:08'),
(8, 'PHP-1', '<p><br></p>', 15, '', '2018-09-01', '2019-06-01', 1, 1000, 1, 1, 11, 5, NULL, '2019-02-16 07:37:16', '2019-02-16 07:37:16'),
(9, 'Java-1', '<p><br></p>', 15, '', '2018-09-01', '2019-06-01', 1, 1000, 1, 1, 12, 5, 4, '2019-02-16 07:41:04', '2019-02-16 07:41:04'),
(10, 'Front-End-1', '<p><br></p>', 15, '', '2019-04-20', '2019-11-21', 1, 800, 1, 1, 13, 3, NULL, '2019-02-16 07:42:21', '2019-03-18 15:53:04'),
(11, 'C#-1', '<p><br></p>', 15, '', '2019-02-01', '2019-10-01', 1, 1000, 1, 1, 14, 5, 5, '2019-02-16 07:43:27', '2019-02-16 07:43:27'),
(12, 'Python-1', '<p><br></p>', 15, '', '2018-09-01', '2019-06-01', 1, 1000, 1, 1, 15, 5, 3, '2019-02-16 07:44:17', '2019-02-16 07:44:17');

-- --------------------------------------------------------

--
-- Table structure for table `course_stream_status`
--

CREATE TABLE IF NOT EXISTS `course_stream_status` (
  `id` int(11) NOT NULL AUTO_INCREMENT,
  `name` varchar(20) DEFAULT NULL,
  `description` varchar(300) DEFAULT NULL,
  `background_color` varchar(30) DEFAULT NULL,
  `font_color` varchar(30) DEFAULT NULL,
  `sortable_rank` int(11) DEFAULT NULL,
  PRIMARY KEY (`id`)
) ENGINE=InnoDB  DEFAULT CHARSET=utf8 AUTO_INCREMENT=6 ;

--
-- Dumping data for table `course_stream_status`
--

INSERT INTO `course_stream_status` (`id`, `name`, `description`, `background_color`, `font_color`, `sortable_rank`) VALUES
(3, 'Идет набор', 'sdf', 'rgba(0,255,117,1)', '#FFFFFF', 1),
(5, 'Курс уже идет', '', 'rgba(185,71,255,0.3)', '#FFFFFF', 2);

-- --------------------------------------------------------

--
-- Table structure for table `currency`
--

CREATE TABLE IF NOT EXISTS `currency` (
  `id` int(11) NOT NULL AUTO_INCREMENT,
  `name` varchar(255) NOT NULL,
  `iso_code` varchar(255) NOT NULL,
  `symbol` varchar(255) NOT NULL,
  `is_symbol_before` tinyint(1) NOT NULL DEFAULT '0',
  `notes` varchar(255) DEFAULT NULL,
  `sortable_rank` int(11) DEFAULT NULL,
  PRIMARY KEY (`id`)
) ENGINE=InnoDB  DEFAULT CHARSET=utf8 AUTO_INCREMENT=4 ;

--
-- Dumping data for table `currency`
--

INSERT INTO `currency` (`id`, `name`, `iso_code`, `symbol`, `is_symbol_before`, `notes`, `sortable_rank`) VALUES
(1, 'Dollar', 'USD', '$', 1, '', 2),
(2, 'Euro', 'EUR', '€', 1, '', 3),
(3, 'Som', 'KGS', 'с', 0, '', 1);

-- --------------------------------------------------------

--
-- Table structure for table `currency_rate`
--

CREATE TABLE IF NOT EXISTS `currency_rate` (
  `id` int(11) NOT NULL AUTO_INCREMENT,
  `rate` float NOT NULL DEFAULT '1',
  `default_currency_id` int(11) NOT NULL,
  `to_currency_id` int(11) NOT NULL,
  `created_at` datetime DEFAULT NULL,
  `updated_at` datetime DEFAULT NULL,
  PRIMARY KEY (`id`),
  KEY `currency_rate_fi_8596aa` (`default_currency_id`),
  KEY `currency_rate_fi_78514f` (`to_currency_id`)
) ENGINE=InnoDB  DEFAULT CHARSET=utf8 AUTO_INCREMENT=13 ;

--
-- Dumping data for table `currency_rate`
--

INSERT INTO `currency_rate` (`id`, `rate`, `default_currency_id`, `to_currency_id`, `created_at`, `updated_at`) VALUES
(1, 1, 3, 2, '2019-01-11 21:49:07', '2019-01-11 21:49:07'),
(2, 1, 3, 1, '2019-01-11 21:49:07', '2019-01-11 21:49:07'),
(3, 1, 2, 3, '2019-01-11 21:56:06', '2019-01-11 21:56:06'),
(4, 1, 2, 1, '2019-01-11 21:56:06', '2019-01-11 21:56:06'),
(5, 1, 3, 2, '2019-01-13 12:38:23', '2019-01-13 12:38:23'),
(6, 1, 3, 1, '2019-01-13 12:38:23', '2019-01-13 12:38:23'),
(7, 1, 3, 2, '2019-01-28 12:22:47', '2019-01-28 12:22:47'),
(8, 1, 3, 1, '2019-01-28 12:22:47', '2019-01-28 12:22:47'),
(9, 69.755, 3, 1, '2019-02-20 14:20:08', '2019-02-20 14:20:08'),
(10, 78.93, 3, 2, '2019-02-20 14:20:08', '2019-02-20 14:20:08'),
(11, 69.8, 3, 1, '2019-05-24 17:46:15', '2019-05-24 17:46:15'),
(12, 70, 3, 2, '2019-05-24 17:46:15', '2019-05-24 17:46:15');

-- --------------------------------------------------------

--
-- Table structure for table `faq`
--

CREATE TABLE IF NOT EXISTS `faq` (
  `id` int(11) NOT NULL AUTO_INCREMENT,
  `question` varchar(255) DEFAULT NULL,
  `answer` text,
  `sortable_rank` int(11) DEFAULT NULL,
  `created_at` datetime DEFAULT NULL,
  `updated_at` datetime DEFAULT NULL,
  PRIMARY KEY (`id`)
) ENGINE=InnoDB  DEFAULT CHARSET=utf8 AUTO_INCREMENT=11 ;

--
-- Dumping data for table `faq`
--

INSERT INTO `faq` (`id`, `question`, `answer`, `sortable_rank`, `created_at`, `updated_at`) VALUES
(1, 'Нужно ли оканчивать ВУЗ или нужен ли диплом программисту?', 'Чтобы стать программистом не обязательно идти в университет. Многие компании не требуют диплом, они смотрят на навыки и дают задачи, которые надо решить в сжатые сроки.', 1, '2019-01-08 14:48:45', '2019-02-15 12:44:37'),
(4, 'Что необходимо для поступления?', '<p><b>Документы которые нужны для поступления:</b></p><ul><li>копия паспорта</li><li>копия документа об образовании</li><li>2 цветные фото 3*4</li><li>медицинская справка №086</li><li>внести оплату за обучение</li></ul><p>P.S наличие ноутбука для занятий обязательно<br></p>', 2, '2019-02-15 12:41:53', '2019-02-15 12:44:37'),
(5, 'Нужны ли базовые знания для поступления в IT академию?', 'Это будет зависеть от направления, но большинство курсов предназначены для тех, кто не программировал вообще. Если вы обладаете базовыми знаниями и навыками программирования, обучение вам дастся легче.', 3, '2019-02-15 12:42:15', '2019-02-15 12:42:15'),
(6, 'У вас есть вступительный тест на курс, как к нему подготовиться?', 'Тестирование на аналитическое и логическое мышление. Если вам нравится решать логические задачи, то вам будет легче пройти тестирование.', 4, '2019-02-15 12:42:29', '2019-02-15 12:42:29'),
(7, 'Какой документ мы получим по окончанию?', 'Вы получите сертификат от IT отрасли.', 5, '2019-02-15 12:42:40', '2019-02-15 12:42:40'),
(8, 'Содействуете ли вы трудоустройству ваших выпускников?', 'IT - академия является продуктом Кыргызской Ассоциации Разработчиков Программного Обеспечения, мы готовим IT специалистов, после проведения анализа рынка труда, что указывает на то, что все наши направления являются востребованными как в Кыргызстане так и за границей. КАРПОУ сотрудничает с многими IT компаниями, которые нередко заранее запрашивают наших студентов. Мы направляем на стажировку(с последующим трудоустройством), большинство наших студентов. Исключением могут быть те, кто систематически пропускал занятия и не выполнял домашние задания.', 6, '2019-02-15 12:42:55', '2019-02-15 12:42:55'),
(9, 'Сколько человек в группе? Как забронировать себе место на один из курсов?', '<p>В группе до 15-ти человек. </p><p>Вам нужно заполнить заявку на сайте или позвонить по номерам указанным ниже. </p><p>0772000572, 0705954549<br></p>', 7, '2019-02-15 12:43:37', '2019-02-15 12:43:37'),
(10, 'Какое расписание курсов? Смогу ли я совмещать с учебой или работой?', '<p>График IT - академии дает людям, которые работают или учатся отличную возможность переквалифицироваться и стать обладателем одной из самых востребованных и высокооплачиваемых профессий. </p><p>Большинство курсов у нас вечерние: с 19:00 до 21:00. Занятия проходят три раза в неделю. Либо пн.ср.пт. или вт.чт.сб.<br></p>', 8, '2019-02-15 12:44:11', '2019-02-15 12:44:11');

-- --------------------------------------------------------

--
-- Table structure for table `feedback`
--

CREATE TABLE IF NOT EXISTS `feedback` (
  `id` int(11) NOT NULL AUTO_INCREMENT,
  `work_place` varchar(255) DEFAULT NULL,
  `salary` float DEFAULT NULL,
  `currency_id` int(11) DEFAULT NULL,
  `user_id` int(11) NOT NULL,
  `is_available` tinyint(1) NOT NULL DEFAULT '0',
  `content` text,
  `notes` varchar(500) DEFAULT NULL,
  `created_at` datetime DEFAULT NULL,
  `updated_at` datetime DEFAULT NULL,
  PRIMARY KEY (`id`),
  KEY `feedback_fi_16a5a4` (`currency_id`),
  KEY `feedback_fi_29554a` (`user_id`)
) ENGINE=InnoDB  DEFAULT CHARSET=utf8 AUTO_INCREMENT=18 ;

--
-- Dumping data for table `feedback`
--

INSERT INTO `feedback` (`id`, `work_place`, `salary`, `currency_id`, `user_id`, `is_available`, `content`, `notes`, `created_at`, `updated_at`) VALUES
(9, 'Фрилансер', 300, 1, 13, 1, 'После общеобразовательной школы стал вопрос кем быть, где учиться. Поступив в одно из высших учебных заведений Бишкека, я поняла, что получаемых знаний недостаточно. И, недолго думая, поступила в IT-Academy на курс программирования. В нашем веке невозможно найти достойную работу без навыков компьютерной грамотности. В развитых странах мира азам программирования обучают с первого класса, понимая, что это не роскошь, а необходимость. Если мы не хотим отставать от сверстников, необходимо брать уроки программирования. Это очень увлекательно и полезно.', '', '2019-02-15 13:10:13', '2019-02-15 13:33:10'),
(10, 'Unique Technologes', 400, 1, 12, 1, 'Я не знал с чего начать изучать программирование и тут увидел информацию об IT Академии. Мне очень нравилась моя группа в Академии. Учеба в академии объединила всех нас. Мы все дружно сидим и кодим. В Академии великолепные учителя, отличная компания, а самое главное - мотивация изучать программирование.', '', '2019-02-15 13:11:49', '2019-02-15 13:33:14'),
(11, 'Минздрав', 400, 1, 11, 1, 'Добрый день всем ! Хочу сказать пару слов благодарности в адрес IT Academy. До того как я поступил в IT-академию, представление о программировании было хаотичным и не систематизированным. Благодаря IT Академии я получил начальные навыки программирования и понял одну простую вещь - программирование это не зазубривание материалов, а предметное понимание и правильность мысли в процессе разработки. У ребят есть возможность воплотить мечту стать программистом за короткий срок.', '', '2019-02-15 13:14:05', '2019-02-15 13:33:08'),
(12, 'ОАО', 580, 1, 10, 1, 'Я благодарен IT-Aкадемии и своему тренеру за то, что предоставили шанс войти в мир айти и стать программистом за столь относительно короткий срок. Еще до окончания курсов я уже смог трудоустроиться и начать применять знания, полученные в IT-Aкадемии, в реальной разработке. Также здесь я познакомился со многими интересными людьми, с кем поддерживаю связь и сегодня.', '', '2019-02-15 13:15:42', '2019-02-15 13:33:03'),
(13, 'УИТ Адилет Сот', 500, 1, 6, 1, 'Я долгое время хотел поступить на курсы по программированию. О курсах IT-Academy я услышал от знакомых и после посещения презентации решил поступить именно сюда. Очень понравилась программа обучения, она насыщенная, структурированная и сбалансированная. На уроках пройденный теоретический материал мы сразу же закрепляли практическими заданиями. Особенно хотел бы отметить работу тренеров, профессионалов с многолетним опытом, которые всегда были готовы помочь нам в случае возникновения каких-либо затруднений. За год обучения мы получили все необходимые навыки начинающего web разработчика, а после - помощь в поиске компаний для прохождения стажировки.', '', '2019-02-15 13:17:20', '2019-02-15 13:33:05'),
(14, 'MirSoft LLC', 300, 1, 8, 1, '2 года назад я закончил университет Гази в Анкаре по профессии Энергетические Системы. Мотивированный работать в энергетической сфере КР я безрезультатно провел больше полугода в поисках работы. Ни для кого не секрет, что в Кыргызстане молодым кадрам тяжело себя проявить. В конце концов я понял, что нужно что-то менять. Я наткнулся на пост о курсах программирования в IT Академии в Facebook. Решил попробовать, проучился год и был принят на стажировку в компанию Mirsoft. Сейчас работаю уже год в штате на позиции backend разработчика. Работа нравится, все устраивает. Для того, чтобы начать работать, курсов программирования в IT Академии вполне достаточно. Но учтите, что для конкурирования на рынке нужно постоянно развиваться, изучать новые технологии, повышать уровень знаний и навыков. Всем успехов!', '', '2019-02-15 13:19:06', '2019-02-15 13:33:00'),
(15, 'Фрилансер', 300, 1, 7, 1, 'Еще с малых лет я очень интересовался компьютерами. Так получилось, что в детстве я учился на дому с репетиторами, но никак не мог заставить себя интересовaться школьными предметами. По окончанию 11-класса я, как и многие, не знал в какой ВУЗ поступить.Так как я был ограничен своими возможностями, мне надо было выбрать профессию, с которой я могу работать из дома, это или Программирование или Архитектура. Тогда мама в объявлении увидела, что идет набор на курсы программирования IT-Academy. Раньше я думал, что программирование - это скучно. Но в академии мне многое стало понятно. В программировании примерно то же самое, что и создавать Мир. Ты создаешь свой мир, создаешь свою атмосферу, вводишь новые правила. Мне очень повезло именно с IT Академией, где, по-моему, мнению - лучшие учителя-программисты. С их помощью мне уже удалось поработать в реальных проектах, получить опыт (конечно, я продолжаю его набирать) и брать заказы у реальных клиентов. Все возможности в наших руках. Как говорится: Live in KG, work with the world!', '', '2019-02-15 13:21:04', '2019-02-15 13:31:27'),
(17, 'MirSoft LLC', 300, 1, 9, 1, 'HTML, CSS я начала изучать дома сама. После самостоятельного изучения я поступила в университет, но, к сожалению, занятия по программированию были всего раз в неделю. Частные курсы мне также не понравились, т. к. они не отвечали всем моим запросам. IT Академию мне посоветовала сестра. Здесь занятия проходят интенсивно, каждый день по три часа. Нам очень повезло с тренером, он объяснял все доходчиво, и сложно было не понять что-то, учитывая то, что большинство ребят в группе были с нулевым уровнем. Тренер всегда приходил на занятия на полчаса раньше и уходил позже всех, он был всегда доступен. Мне также повезло с одногруппниками. Многие из выпускников моей группы прошли стажировку в IT компаниях. Я работаю в компании MirSoft.', '', '2019-02-15 13:31:11', '2019-02-15 13:31:25');

-- --------------------------------------------------------

--
-- Table structure for table `group`
--

CREATE TABLE IF NOT EXISTS `group` (
  `id` int(11) NOT NULL AUTO_INCREMENT,
  `alt` varchar(15) NOT NULL,
  `name` varchar(32) NOT NULL,
  `allow_choose_group` tinyint(1) NOT NULL DEFAULT '0',
  `sortable_rank` int(11) DEFAULT NULL,
  PRIMARY KEY (`id`)
) ENGINE=InnoDB  DEFAULT CHARSET=utf8 AUTO_INCREMENT=5 ;

--
-- Dumping data for table `group`
--

INSERT INTO `group` (`id`, `alt`, `name`, `allow_choose_group`, `sortable_rank`) VALUES
(1, 'ADMIN', 'Admin', 0, NULL),
(2, 'INSTRUCTOR', 'Преподаватели', 0, 1),
(3, 'ALUMNI', 'Выпускники', 0, 2),
(4, 'USERS', 'Пользователи', 1, 3);

-- --------------------------------------------------------

--
-- Table structure for table `group_privilege`
--

CREATE TABLE IF NOT EXISTS `group_privilege` (
  `group_id` int(11) NOT NULL,
  `privilege_id` int(11) NOT NULL,
  `sortable_rank` int(11) DEFAULT NULL,
  PRIMARY KEY (`group_id`,`privilege_id`),
  KEY `group_privilege_fi_da39c7` (`privilege_id`)
) ENGINE=InnoDB DEFAULT CHARSET=utf8;

--
-- Dumping data for table `group_privilege`
--

INSERT INTO `group_privilege` (`group_id`, `privilege_id`, `sortable_rank`) VALUES
(1, 1, NULL),
(1, 2, NULL),
(1, 5, NULL),
(1, 6, NULL),
(1, 11, 4),
(1, 12, 5),
(1, 13, 6),
(1, 14, 7),
(1, 15, 8),
(1, 16, 9),
(1, 17, 10),
(1, 18, 11),
(1, 19, 12),
(1, 20, 13),
(1, 21, 14),
(2, 5, 15),
(2, 20, 16),
(3, 19, 18),
(3, 20, 17),
(4, 5, 19);

-- --------------------------------------------------------

--
-- Table structure for table `notification`
--

CREATE TABLE IF NOT EXISTS `notification` (
  `id` int(11) NOT NULL AUTO_INCREMENT,
  `type` int(11) DEFAULT NULL,
  `to_user_id` int(11) NOT NULL,
  `from_user_id` int(11) DEFAULT NULL,
  `is_seen` tinyint(1) NOT NULL DEFAULT '0',
  `is_over` tinyint(1) NOT NULL DEFAULT '0',
  `quantity` int(11) NOT NULL DEFAULT '1',
  `created_at` datetime DEFAULT NULL,
  `updated_at` datetime DEFAULT NULL,
  PRIMARY KEY (`id`),
  KEY `notification_fi_3703f2` (`to_user_id`),
  KEY `notification_fi_122792` (`from_user_id`)
) ENGINE=InnoDB DEFAULT CHARSET=utf8 AUTO_INCREMENT=1 ;

-- --------------------------------------------------------

--
-- Table structure for table `privilege`
--

CREATE TABLE IF NOT EXISTS `privilege` (
  `id` int(11) NOT NULL AUTO_INCREMENT,
  `name` varchar(255) NOT NULL,
  `alt` varchar(45) NOT NULL,
  PRIMARY KEY (`id`)
) ENGINE=InnoDB  DEFAULT CHARSET=utf8 AUTO_INCREMENT=22 ;

--
-- Dumping data for table `privilege`
--

INSERT INTO `privilege` (`id`, `name`, `alt`) VALUES
(1, 'SUPER', 'SUPER'),
(2, 'APPLICATION_ADMIN', 'APPLICATION_ADMIN'),
(5, 'UPLOAD_ATTACHMENT', 'UPLOAD_ATTACHMENT'),
(6, 'USERS_ADMIN', 'USERS_ADMIN'),
(11, 'FAQ_ADMIN', 'FAQ_ADMIN'),
(12, 'COURSE_ADMIN', 'COURSE_ADMIN'),
(13, 'BRANCH_ADMIN', 'BRANCH_ADMIN'),
(14, 'PROJECT_ADMIN', 'PROJECT_ADMIN'),
(15, 'VACANCY_ADMIN', 'VACANCY_ADMIN'),
(16, 'CURRENCY_ADMIN', 'CURRENCY_ADMIN'),
(17, 'CURRENCY_RATE_ADMIN', 'CURRENCY_RATE_ADMIN'),
(18, 'STATIC_PAGE_ADMIN', 'STATIC_PAGE_ADMIN'),
(19, 'FEEDBACK_ADMIN', 'FEEDBACK_ADMIN'),
(20, 'LEAVE_FEEDBACK', 'LEAVE_FEEDBACK'),
(21, 'COURSE_STREAM_ADMIN', 'COURSE_STREAM_ADMIN');

-- --------------------------------------------------------

--
-- Table structure for table `project`
--

CREATE TABLE IF NOT EXISTS `project` (
  `id` int(11) NOT NULL AUTO_INCREMENT,
  `name` varchar(255) DEFAULT NULL,
  `alt_url` varchar(255) NOT NULL,
  `description` text,
  `logo_name` varchar(255) DEFAULT NULL,
  `cover_name` varchar(255) DEFAULT NULL,
  `context` text,
  `meta_description` text,
  `meta_keywords` text,
  `created_at` datetime DEFAULT NULL,
  `updated_at` datetime DEFAULT NULL,
  PRIMARY KEY (`id`)
) ENGINE=InnoDB  DEFAULT CHARSET=utf8 AUTO_INCREMENT=5 ;

--
-- Dumping data for table `project`
--

INSERT INTO `project` (`id`, `name`, `alt_url`, `description`, `logo_name`, `cover_name`, `context`, `meta_description`, `meta_keywords`, `created_at`, `updated_at`) VALUES
(2, 'CheksizProgramming', 'cheksizprogramming', '<p>Проект “Продвижение обучения в области ИТ для людей с особыми потребностями” реализуется Кыргызской ассоциацией разработчиков программного обеспечения и услуг (КАРПОУ) и IT Академией при поддержке Европейского Союза.<br></p>', 'uOasb3LfZdgSXzG.png', 'GnlFTUHd0K7Z0sJ.png', '<p>Проект “Продвижение обучения в области ИТ для людей с особыми потребностями” реализуется Кыргызской ассоциацией разработчиков программного обеспечения и услуг (КАРПОУ) и IT Академией при поддержке Европейского Союза.</p>', NULL, NULL, '2019-01-11 07:11:40', '2019-02-21 15:48:19'),
(3, 'ProgrammerAyimdar', 'programmerayimdar', '<h2>Смотрите видео об обучении девушек на курсах IT</h2>\r\n<center><iframe src="//www.youtube.com/embed/5sfzVE7s4pM?rel=0&amp;fs=1&amp;wmode=transparent" allowfullscreen="" title="JoomlaWorks AllVideos Player" width="100%" height="530" frameborder="0"></iframe></center>\r\n\r\n\r\n<p><a href="https://www.facebook.com/hashtag/programmerayimdar?source=note&amp;epa=HASHTAG">#ProgrammerAyimdar</a> – это проект по обучению 40-ка девушек и молодых женщин со всего Кыргызстана веб-разработке по направлению FRONT-END, развитию лидерства и социального предпринимательства на грантовой основе.</p>\r\n\r\n<p><a href="https://www.facebook.com/hashtag/programmerayimdar?source=note&amp;epa=HASHTAG">#ProgrammerAyimdar</a> – это шанс получить профессию будущего, обрести высокооплачиваемую работу, жить в Кыргызстане, а работать со всем миром!</p>\r\n\r\n<p>Проект реализует Кыргызская ассоциация разработчиков программного обеспечения и услуг IT-Academy при финансовой поддержке Демократической Комиссии Посольства США в Кыргызской Республике.</p>\r\n\r\n\r\n<h2>НАША ЦЕЛЬ</h2>\r\n\r\n<p>Расширение экономических возможностей девушек и женщин через обучение практическим навыкам в сфере информационных технологий, повышение грамотности, развитие лидерства и женского предпринимательства. Мы хотим вместе с вами развивать IT-отрасль Кыргызстана, помогать местным компаниям выйти на глобальный рынок, укреплять экономику страны!</p>\r\n\r\n<h2>КТО МОЖЕТ УЧАВСТВОВАТЬ В ПРОЕКТЕ?</h2>\r\n<ul>\r\n<li>Девушки и молодые женщины в возрасте от 15 до 37 лет;</li>\r\n<li>Жители всех регионов Кыргызской Республики.</li> \r\n</ul>\r\n\r\n\r\n<h2>КАКОВЫ ТРЕБОВАНИЯ К КАНДИДАТАМ?</h2><ul><li>Готовность посвятить обучению по пять часов ежедневно в течение пяти дней в неделю на протяжении 9 месяцев;</li>\r\n<li>Знание кыргызского и русского языков (знание английского является преимуществом);</li>\r\n<li>Знание компьютера на уровне уверенного пользователя:\r\n<ul>\r\n<li>MicrosoftOffice, Интернет;</li>\r\n<li>HTML и CSS, знание программирования (не обязательно).</li>\r\n</ul>\r\n</li>\r\n</ul>\r\n\r\n<h2>НА ЧТО МЫ БУДЕМ ДЕЛАТЬ АКЦЕНТ ПРИ ОТБОРЕ?</h2>\r\n\r\n<ul>\r\n<li>Основным критерием отбора станет высокая мотивация к обучению;</li>\r\n<li>Готовность кандидатов ответственно посещать уроки и тренинги в рамках курса.</li>\r\n</ul>\r\n\r\n\r\n<p><strong>Организаторы ожидают собственный вклад в обучение со стороны участников:</strong></p>\r\n<ul>\r\n<li>Наличие ноутбука;</li>\r\n<li>Возможности покрыть расходы на переезд и проживание в г.Бишкек на период обучения (<span style="font-weight:bold;">сентябрь 2018 г.-май 2019 г.</span>).</li>\r\n</ul>\r\n<br>\r\n<center><a href="/" class="btn btn-secondary btn-lg open-application-course-modal" style="font-size: 16px;\r\nbackground: #353939;">Набор завершен</a></center><br>\r\n\r\n<br>\r\n<center><a href="/" class="btn btn-secondary btn-lg open-application-course-modal" style="background: #0ea195;\r\nfont-size: 18px;"><i class="fa fa-user-circle mr-2"></i>Записаться на текущие курсы</a></center><br>\r\n<center><iframe src="https://www.youtube.com/embed/31r6IvDs3ts" allow="accelerometer; autoplay; encrypted-media; gyroscope; picture-in-picture" allowfullscreen="" width="100%" height="530" frameborder="0"></iframe></center>\r\n<h2>ЭТАПЫ ОТБОРА</h2>\r\n\r\n\r\n\r\n\r\n\r\n<p>1 ЭТАП: запрос дополнительных документов и прохождение тестирования на логическое и аналитическое мышление.</p>\r\n\r\n<p>2 ЭТАП: успешно прошедшие предыдущие этапы отбора будут приглашены на интервью с отборочной комиссией.</p>\r\n\r\n<p><strong>ДЛИТЕЛЬНОСТЬ КУРСА:</strong> сентябрь 2018 - май 2019 года. 5 дней в неделю в течение 9 месяцев.</p>\r\n\r\n<p><strong>МЕСТО ПРОВЕДЕНИЯ КУРСА:</strong> – г.Бишкек.</p>\r\n\r\n<center><iframe src="https://www.youtube.com/embed/pg-t7gacdxg" allow="accelerometer; autoplay; encrypted-media; gyroscope; picture-in-picture" allowfullscreen="" width="100%" height="530" frameborder="0"></iframe></center>\r\n\r\n<h2>ЗНАНИЯ, КОТОРЫЕ ПОЛУЧАТ УЧАСТНИЦЫ:</h2>\r\n\r\n<p>Веб-разработка по направлению FRONT-END</p>\r\n<ul>\r\n<li><strong>HTML5;</strong></li>\r\n<li><strong>CSS3;</strong></li>\r\n<li><strong>SASS/LESS;</strong></li>\r\n<li><strong>JavaScript;</strong></li>\r\n<li><strong>Bootstrap</strong></li>\r\n<li><strong>JQuery</strong></li>\r\n<li><strong>JS фрeймворкиодиниз (Angular2/ReactJS/Node.js) ;</strong></li>\r\n<li><strong>MVC/MVVM design patterns;</strong></li>\r\n<li><strong>Git.</strong></li>\r\n</ul>\r\n\r\n\r\n<p><strong>Тренинги и дополнительные курсы</strong> (обязательны для посещения):</p>\r\n<ul>\r\n<li><strong>курсы ораторского искусства;</strong></li>\r\n<li><strong>курсы английского языка;</strong></li>\r\n<li><strong>тренинг и мастер-классы по лидерству;</strong></li>\r\n<li><strong>курс введение в социальное предпринимательство;</strong></li>\r\n<li><strong>курс по основам SMM;</strong></li>\r\n<li><strong>развитие навыков командной работы;</strong></li>\r\n<li><strong>развитие коммуникационных навыков.</strong></li>\r\n</ul>\r\n\r\n<h2>КОНТАКТЫ:</h2>\r\n\r\n<p>itacademy98@gmail.com</p>\r\n\r\n<p>+996 (705) 954 549</p>\r\n<br>\r\n<center><a href="/" class="btn btn-secondary btn-lg open-application-course-modal" style="background: #0ea195;\r\nfont-size: 18px;"><i class="fa fa-user-circle mr-2"></i>Записаться на текущие курсы</a></center><br>', 'adM8yXgcTBK8m3J.png', NULL, '<p>Цель проекта — расширение экономических возможностей девушек и женщин путем обучения практическим навыкам в сфере информационных технологий (ИТ). Это повысит грамотность, навыки лидерства и женского предпринимательства через IT-академию<br></p>', NULL, NULL, '2019-02-15 12:31:48', '2019-05-13 14:02:48'),
(4, 'IT лагерь', 'it-lager', '<p>Приезжайте в IT лагерь, чтобы зарядиться терабайтами информации и получить понимание, куда направить свою IT-энергию!</p><p><b> IT лагерь</b> — это лагерь новой эпохи, именно здесь подросток полностью раскроет свой потенциал и научится развивать свои навыки.</p><p><br></p><p> </p><h4>IT АКАДЕМИЯ объявляет о наборе в летний лагерь.</h4><h4><br></h4><h4> </h4><p>Летний IT лагерь 2018 – это трехнедельная программа, направленная на совершенствование знаний и навыков в области математики и изучение основ программирования. </p><p>Программа для подростков дает возможность участникам ознакомиться с последними веб-технологиями, основами веб-дизайна и веб-разработки, создать продукт на компьютере своими руками, а также понять различия между направлениями в программировании. </p><p>Участники также смогут получить бесплатную консультацию о том, как выбирать направление в IT сфере в соответствии с личными интересами и информацию о провайдерах образовательных услуг в IT. </p><p>Питание и охрана гарантированы.</p><p> Летний академический лагерь будет проходить в кампусе образовательного комплекса “Илим” по адресу: </p><p>г.Бишкек, ул. Токтоналиева 6-Б</p><p><br></p><p> </p><h4>Как записаться в IT лагерь?</h4><p>Свяжитесь с нами по следующим контактам: itacademy98@gmail.com и по номерам: 0709368285, 0772000572, 0772000562, 0550328868.<br></p>', 'sbesTMwGlGFtjSz.png', 'B0TAoIVdjHo99lX.png', '<p>Приезжайте в IT лагерь, чтобы зарядиться терабайтами информации и получить понимание, куда направить свою IT-энергию! IT лагерь — это лагерь новой эпохи, именно здесь подросток полностью раскроет свой потенциал и научится развивать свои навыки.&nbsp;<br></p>', NULL, NULL, '2019-02-15 12:35:38', '2019-02-21 15:46:34');

-- --------------------------------------------------------

--
-- Table structure for table `propel_migration`
--

CREATE TABLE IF NOT EXISTS `propel_migration` (
  `version` int(11) DEFAULT '0'
) ENGINE=InnoDB DEFAULT CHARSET=utf8;

--
-- Dumping data for table `propel_migration`
--

INSERT INTO `propel_migration` (`version`) VALUES
(1546936872),
(1546937107),
(1546940704),
(1546941195),
(1545558961),
(1545559078),
(1546413214),
(1546416434),
(1546624046),
(1546627853),
(1546682319),
(1546684552),
(1546685051),
(1546691802),
(1546693753),
(1546706690),
(1546719591),
(1546720595),
(1546720796),
(1546725139),
(1546726456),
(1546759061),
(1546760732),
(1546772862),
(1546804668),
(1546804686),
(1546805498),
(1546805574),
(1546805629),
(1546805844),
(1546806105),
(1546808498),
(1546809030),
(1546809109),
(1546809373),
(1546809595),
(1546832917),
(1546833700),
(1546833906),
(1546834182),
(1546834206),
(1546834770),
(1546880455),
(1546880733),
(1546882137),
(1546944215),
(1546944833),
(1546955472),
(1546955814),
(1546959862),
(1546964457),
(1546964519),
(1547018620),
(1547020479),
(1547020915),
(1547021261),
(1547022418),
(1547114089),
(1547179700),
(1547180034),
(1547184235),
(1547187235),
(1547212359),
(1547212879),
(1547215594),
(1547233453),
(1547233781),
(1547234802),
(1547357941),
(1547365639),
(1547399555),
(1547400621),
(1547777046),
(1548354900),
(1548357718),
(1548357830),
(1548405420),
(1548484882),
(1548564482),
(1548577597),
(1548649585),
(1549070304),
(1549380451),
(1549380632),
(1549450154),
(1549529323),
(1549592693),
(1549599209),
(1550218322),
(1550219106),
(1550232219),
(1550235339),
(1550301083),
(1550302922),
(1550665626),
(1550669248),
(1550670256),
(1550546466),
(1550726747),
(1550730213),
(1550730469),
(1550897364);

-- --------------------------------------------------------

--
-- Table structure for table `static_page`
--

CREATE TABLE IF NOT EXISTS `static_page` (
  `id` int(11) NOT NULL AUTO_INCREMENT,
  `title` varchar(90) DEFAULT NULL,
  `logo_name` varchar(255) DEFAULT NULL,
  `cover_name` varchar(32) DEFAULT NULL,
  `alt_url` varchar(255) NOT NULL,
  `is_available` tinyint(1) NOT NULL DEFAULT '0',
  `content` text,
  `context` text,
  `notes` varchar(500) DEFAULT NULL,
  `meta_description` text,
  `meta_keywords` text,
  `created_at` datetime DEFAULT NULL,
  `updated_at` datetime DEFAULT NULL,
  PRIMARY KEY (`id`)
) ENGINE=InnoDB  DEFAULT CHARSET=utf8 AUTO_INCREMENT=25 ;

--
-- Dumping data for table `static_page`
--

INSERT INTO `static_page` (`id`, `title`, `logo_name`, `cover_name`, `alt_url`, `is_available`, `content`, `context`, `notes`, `meta_description`, `meta_keywords`, `created_at`, `updated_at`) VALUES
(7, 'Что такое программирование', '87cz14MBhm7Q9gC.png', 'eJqULxwV4DYSL1c.png', 'chto-takoe-programmirovanie', 1, '<h1>Что такое программирование</h1>\n<p class="flex-fix"><br></p><p>Компьютеры сегодня есть практически в каждом доме. Но это вовсе не означает, что их владельцы умеют использовать технику на сто процентов возможностей. Нередко даже молодые люди, проводящие за компьютером или ноутбуком много времени, неспособны порой выполнить простейшие операции. Например, увеличить размер или изменить цвет шрифта в Word, создать простейшую презентацию, сохранить файл в каком-либо формате и так далее. Этому можно научиться на компьютерных курсах. Данная ступенька станет первой на пути к программированию. </p>\n\n<h2>Программирование</h2>\n\n\n<p>Когда люди слышат это слово, то некоторых из них оно пугает. На самом деле в нём нет ничего страшного. Наоборот, сегодня многие школьники желают связать с ним свою профессиональную жизнь. Это написание программ на одном из множества специальных языков. Сама же программа является последовательностью команд. </p>\n\n\n<p>Процесс на первый взгляд может показаться сложным. Но если есть мотивация, то сложности становятся кратковременными. Прописывая коды, новички допускают поначалу много ошибок. Однако со временем становится понятно, что ошибки во многих случаях не меняются, и их количество уменьшается. Для написания сложной программы лучше поделить её на несколько простых подзадач, на решение которых не нужно тратить много времени.\n</p>\n<p>Важный момент — понимание необходимости выполнения заданий. Зачем заниматься сортировкой массива? Почему делают обрезку текста, оставляя лишь начальные абзацы? Ответы на такие и другие вопросы даются на многочисленных курсах программирования. </p>\n<p>IT-технологии не стоят на месте, а постоянно развиваются. Возникают новые направления, создаются новые задачи, решить которые по силам только опытным программистам. Так что программирование всегда будет востребованным делом. </p>\n\n<h2>Программисты</h2>\n\n<p>Как известно, спрос рождает предложение. В связи с постоянным развитием программирования растёт и количество занятых в нём специалистов. Программист разрабатывает алгоритмы всех программ. В его работе не обойтись без математических вычислений, соответственно, он должен хорошо знать математику. Нынешнее программирование относят к категории трудоёмких процессов. Так как деятельность обладает широким спектром, её разделяют на три главных направления:</p>\n \n<ul>\n    <li> прикладное программирование. В нём заняты специалисты, основная задача которых — разрабатывать и внедрять ПО для нормальной работы различных организаций. Чаще всего у них узкий профиль действия. К ним можно отнести специалистов по 1С. Они занимаются тем, что обновляют, настраивают и при необходимости дорабатывают программы под конкретные требования работников компании, её специфические особенности</li>\n<li> системное программирование. Занятые в нём специалисты выполняют разработку операционных систем, распределяющих БД, интерфейсов.</li>Среди программистов направление считается наиболее сложным и редким. Такие специалисты всегда нужны, у них одна из самых высоких зарплат;\n<li> web-программирование. Здесь работают с такими большими сетями, как Интернет. Программисты создают сайты, интерфейсы. Сейчас это направление очень популярное, так как Интернет постоянно развивается. Всё то, с чем приходится пользователю иметь дело за компьютером, создано программистами. Благодаря ним люди получают возможность выходить в Интернет и там заниматься своими делами</li>\n</ul>\n\n<p>Один из основных стимулов быть программистом — постоянная востребованность специалистов данной отрасли и высокая заработная плата. Профессионалы могут зарабатывать по несколько тысяч долларов. </p>\n\n\n\n\n', '<p>В связи с постоянным развитием программирования растёт и количество занятых в нём специалистов. Программист разрабатывает алгоритмы всех программ. В его работе не обойтись без математических вычислений, соответственно, он должен хорошо знать математику. Нынешнее программирование относят к категории трудоёмких процессов. </p>', NULL, 'Наши курсы - самый короткий путь в IT. Курсы программирования в Бишкеке. Компьютерное обучение с нуля по следующим направлениям: Java, PHP, Front-End, C#.', 'Курсы, Бишкек, программирование, с нуля, обучение', '2019-02-21 14:15:13', '2019-02-24 12:59:29'),
(8, 'Профессия программист', 'cxnIof1QL4FaDbw.png', NULL, 'professiya-programmist', 1, '<h1>Профессия программист</h1>\n<p>Сегодня программирование имеет множество граней. Без него практически невозможно обойтись во многих сферах жизнедеятельности – биологии, медицине, физике, экономике, бизнесе, строительстве, промышленности и так далее. В промышленном производстве, например, программирование позволяет заменить в работе людские руки за счёт внедрения машин и роботизированной деятельности. Управление таким трудом осуществляется с помощью ПО. То есть увеличивается скорость, операции все точны, и всё это положительно сказывается на эффективности производства. Богатство направлений программирования возможно за счёт использования огромного количества языков. Каждый из них имеет собственные достоинства и недостатки.</p>\n<h5>Нынешние программисты чаще всего пытаются реализовать себя в одном из трёх направлений:</h5>\n<p>Программирование сегодня – полезное дело. Оно не ограничивается присутствием в науке, производстве. Труд это умственный, непростой. Однако сегодня именно он определяет, какое место в обществе занимает человек. Новые высоты можно покорить, если заниматься саморазвитием. Один из наиболее приятных и эффективных его способов – программирование.</p>\n\n    \n<h2>Преимущества профессии</h2>\n<h3>Их много. Вот основные (если человек занят делом непосредственно в офисе какой-либо структуры):</h3>\n<ul>\n    <li>зарплата. Она гораздо выше, чем у представителей большинства других профессий. Выплачивается практически всеми работодателями стабильно</li>\n<li>востребованность. Программисты нужны всегда, на них постоянно наблюдается кадровый голод. Специалисты с более высокой квалификацией пользуются приличным спросом. А повысить её можно с помощью различных курсов программирования, например, в «IT Академии» в Бишкеке</li>\n<li>бесплатные стажировки. Нередко работодатели сами вносят оплату за участие своих тружеников в тренингах, курсах, конференциях и так далее</li>\n<li>нет необходимости в наличии высшего образования. Главное для компании – чтобы кандидат правильно выполнил тестовое задание. Именно по его результатам, а не по наличию диплома программиста, будут выбираться подходящие люди</li>\n<li>отличные условия для работы. Программисту часто нужно сосредоточиться, его ничто не должно отвлекать. В компаниях это понимают и стремятся создать максимально комфортную для него обстановку</li>\n<li>наличие творческой работы. Программисты получают большие деньги за то, что могут выполнить нестандартное задание, используя собственную смекалку. Чем выше квалификация специалиста, тем задачи, над которыми он трудится, интереснее</li>\n<li>возможность совмещения работы и учёбы. Часто практикуется найм студентов четвёртых и пятых курсов. Они работают по плавающему графику. Если мотивация у человека очень высокая, то он может решать серьёзные задачи даже в режиме неполной занятости</li>\n<li>рост зарплаты и продвижение по карьерной лестнице зависят исключительно от того, какая у программиста квалификация</li>\n</ul>\n<h2>Программист-фрилансер</h2>\n<p>Возможность удалённой работы – ещё один плюс. Есть компании, которые не испытывают нервозности при найме на работу людей, предпочитающих трудиться не в офисе, а на удалённом от него расстоянии. Чаще всего – дома. Главное, чтобы они правильно и своевременно выполняли задания.    </p>\n\n\n', '\n<p>Программирование сегодня – полезное дело. Оно не ограничивается присутствием в науке, производстве. Труд это умственный, непростой. Однако сегодня именно он определяет, какое место в обществе занимает человек.</p>', NULL, 'Наши курсы - самый короткий путь в IT. Компьютерные курсы в Бишкеке для любого возраста. Вы сможете подобрать себе самые лучшие курсы по следующим направлениям: Php, Java, Front-End, C#, Python, Java/mobile', 'Профессия, программист, Бишкек, курсы', '2019-02-21 14:17:47', '2019-02-24 12:59:04'),
(9, '10 полезных советов', 'V0NOLOIWTIYSTVl.png', 'dWIIay7mSDp7wTp.png', '10-poleznyh-sovetov', 1, '\n<h1>10 полезных советов по программированию для начинающих в Бишкеке</h1>\n\n<p>Многие слышали об IT курсах, куда наверняка ходили или ходят ваши друзья и знакомые. Но так ли это легко, и что нужно знать чтобы добиться успеха?</p>\n\n\n<ul>\n    \n<li><storng></storng>Мотивация. Как известно, она — залог успеха. Определитесь нужно ли вам это и если нужно, то зачем? Поставьте чёткую цель обучения и желательно запишите её в заметки телефона или повесьте на видное место.</li>\n<li><storng></storng>Язык программирования. Вряд ли вы сможете моментально определиться с выбором нужного языка, ведь новичку каждый из них будет казаться чем-то инопланетным. Не спешите и ознакомьтесь с каждым, поспрашивайте более опытных коллег и выбор будет сделан сам собой.</li>\n<li><storng></storng>Курсы. Курсы программирования могут быть представлены онлайн, а могут проходить как полноценные занятия. Таких курсов сейчас очень много и они есть практически в любом городе. Например, курсы программирования в Бишкеке сейчас пользуются большим спросом.</li>\n<li><storng></storng>Собранность. Это совет подойдёт для любой работы. Очень важно не распыляться на мелкие задачи, а решать их по мере поступления, от самых важных до наименее. Изучать несколько языков программирования также нежелательно, потому что таким образом можно так и не выучить ни одного.</li>\n<li><storng></storng>Структурирование. Получайте информацию порциями и следуйте тем шагам, которые прописаны в плане занятий, переходя на следующий этап только после изучения предыдущего.</li>\n<li><storng></storng>Саморазвитие. Не забывайте закреплять полученную информацию и экспериментировать с методами изучения. Смотрите видео-уроки и читайте дополнительную литературу.</li>\n<li><storng></storng>Учите других. Мы запоминаем информацию гораздо лучше, когда делимся ею, поэтому вы можете посвящать в свои уроки друзей и рассказывать им интересные моменты, тем самым закрепляя свои знания.</li>\n<li><storng></storng>Единомышленники. Окружите себя людьми, которые уже чего-то достигли и тянитесь к ним. Постоянные разговоры о работе помогут вам быстрее разобраться в ней.</li>\n<li><storng></storng>Наставник. Такой человек необходим всем, ведь в самом начале у вас будет много вопросов, которые не должны оставаться без ответов. Наставником может быть сам преподаватель.</li>\n<li><storng></storng>Разнообразие. Прибегайте к помощи необычных методов изучения. На курсах программирования в Бишкеке практикуется игровой метод, который превращает обучение в более весёлое и лёгкое занятие. Кто сказал, что игры только для детей?</li>\n</ul>', '<p>В этой статье мы расскажем о 10 советах, которые необходимо знать начинающим для достижения успеха в работе.</p>', NULL, 'Компьютерные курсы в Бишкеке для любого возраста. IT-Academy центр компьютерного обучения, учебные курсы компьютерных программ и технологий  для начинающих специалистов. Наши курсы - самый короткий путь в IT.', 'курсы, обучение, компьютерные, технологии, начинающие, Бишкек', '2019-02-22 18:30:04', '2019-02-24 12:59:17'),
(10, 'Кто такой Front-end разработчик', 'MvdoqMUDreOgnYB.png', 'TmzYRRSTtkZHHRe.png', 'kto-takoy-front-end-razrabotchik', 1, '<h1>Кто такой Front-end разработчик</h1>\n\n\n<p>Развитие современных технологий способствовало появлению совершенно новых профессий, о которых мы не могли слышать несколько лет назад. Их представители прекрасно себя чувствуют на рынке труда, приобретая многочисленные заказы, быстро получают постоянную работу и зарабатывают зарплаты значительно выше среднего по стране. Отличным примером такой профессии является front-end разработчик.</p>\n\n<p>Все люди, занимающиеся профессиональным созданием сайтов, называются веб-мастерами. Из-за долгого и сложного процесса дизайна веб-сайта подразделение было разделено на фронт-энд и бэк-энд разработчиков.</p>\n\n<p>Область веб-разработки в Бишкеке на сегодняшний день является одной из наиболее востребованных. Поговорим о том, кто такой front-end разработчик.</p>\n\n<p>Front-end разработчик занимается созданием интерфейсов</p>\n\n<p>Front-end developer - это название специальности для программиста, который имеет дело с визуальной частью. Front-end программирование основано на языках разработки, интерпретируемых не сервером (это делает back-end разработчик), а браузером. Наиболее популярные технологии, используемые front-end разработчиком: HTML, CSS, JavaScript.</p>\n\n<h2>Front-End разработчиков можно разделить на 2 основные группы:</h2>\n\n<li> Первый касается кодирования графического дизайна для WWW макетов. Наиболее часто используемые технологии - это HTML и CSS.</li>\n<li> Второй касается главным образом программной связи между пользовательским интерфейсом и сервером. Наиболее часто используемые технологии - это JavaScript (например, AngularJS, VueJS, ReactJS).</li>\n\n<h3>Какие типы веб-разработчиков существуют?</h3>\n<h4>Обычно выделяют три вида:</h4>\n\n<ul>\n    <li>фронт-енд</li>\n<li>бэк-энд</li>\n<li>многопрофильные</li>\n</ul>\n<p>От front-end разработчика требуется очень хорошее знание JavaScript, благодаря которому реализуются все необходимые задачи интерфейса и работы над внешним интерфейсом приложения, в том числе при связи с API (обычно REST), выдаваемым серверной частью для извлечения данных из него. Кроме того, могут быть различные операции с этими данными, которые уже выполняются на стороне браузера. Интерфейс приложения также служит для получения информации от пользователя. Затем они обрабатываются и отправляются обратно на сервер с использованием того же API.</p>\n\n\n', '\n\n\n<p>Развитие современных технологий способствовало появлению совершенно новых профессий, о которых мы не могли слышать несколько лет назад.</p>', NULL, 'Компьютерные курсы в Бишкеке для любого возраста. IT-Academy центр компьютерного обучения, учебные курсы компьютерных программ и технологий: Java, Java/Mobile, PHP, Front-End, C#, Python. Наши курсы - самый короткий путь в IT.', 'курсы, фронтент, front end, обучение, Бишкек', '2019-02-25 11:41:30', '2019-02-25 11:53:43'),
(11, 'Программирование на Java для школьников', 'xey3f8XJuLgk6lN.png', 'WyQdeEYFQ9fmfpU.png', 'programmirovanie-na-java-dlya-shkolnikov', 1, '<h1>Программирование на Java для школьников</h1>\n\n\n<p>Одну из лидирующих позиций в IT сфере давно занял язык программирования Java в Бишкеке. Он появился на рынке более двадцати лет назад. Сегодня на неё создаётся программное обеспечение для 10 миллионов кампаний. Его особенность в том, что он может работать на любой платформе. Совершенно очевидно, что и дальше популярность этого языка будет только расти.</p>\n\n\n<p>Отличным способом привлечь внимание ребенка к такой сложной теме станут компьютерные игры. Каждый любознательный школьник захочет узнать, из чего состоит его любимая игра. Заинтересовав ребенка в изучении языков программирования в Бишкеке, вы гарантируете ему трудоустройство и стабильность. В этом смысле язык программирования Java будет особенно интересен родителям, так как специалисты, освоившие этот язык получают на 30-40% больше чем, специалисты им не владеющие. Это связанно с тем, что этот язык входит в четвёрку самых востребованных языков программирования в мире.</p>\n\n\n<p>Кроме этого, зная язык Java можно создать любую программу или приложение на компьютер или телефон на системы Windows, Linux или Android.\nИзучить язык Java в детстве и подростковом возрасте гораздо легче, а знания будут крепче и станут отличной базой для последующего применения и освоения чего-то нового. Каждый возраст имеет свою специфику в обучении. Исходя из этого, мы разработали два курса, адаптированные для учащихся 9-11 лет и обучающихся 12-14 лет.</p>\n\n\n<p>Каждый курс изложен простым, доступным языком и направлен на развитие творческих и аналитических способностей у детей. В легкой форме их познакомят с основами алгоритмизации и принципами работы языка. Навык применения полученных знаний на практике также немало важен. В процессе обучения дети научатся сами писать алгоритмы программ и вводить их в работу.</p>\n\n\n<p>Языки программирования играют большую роль в нашей жизни, поэтому особенно важно, что бы дети получали знания без отрыва от реальности. Это достигается через интегрирование языка программирования в такие сферы как экономика, логистика, инженерия и так далее. Это способствует расширению кругозора ребенка и осознание реальности изучаемой теоретической информации. Большой охват сфер деятельности позволяет также выявить скрытые способности у ребенка.</p>\n\n<p>Изучить этот язык очень просто. Достаточно выбрать подходящий курс и связаться с нами.</p>', '<p>Одну из лидирующих позиций в IT сфере давно занял язык программирования Java. Он появился на рынке более двадцати лет назад. </p>', NULL, 'Компьютерные курсы в Бишкеке для любого возраста. IT-Academy центр компьютерного обучения, учебные курсы компьютерных программ и технологий: Java, Java/Mobile, PHP, Front-End, C#, Python. Наши курсы - самый короткий путь в IT', 'java курсы, программирование джава, Бишкек, курсы для школьников, обучение', '2019-02-25 12:07:28', '2019-02-25 12:24:13'),
(12, 'Программирование на языке Python', '1g6dv3Mt3xe7Vgl.png', 'MELSXwIRMMp4C9F.png', 'programmirovanie-na-yazyke-python', 1, '<h1>Программирование на языке Python</h1>\n\n\n\n\n<p>Python - это язык сценариев, которые интерпретируются - это означает, что мы пишем сценарий, а затем выполняем его с помощью интерпретатора. Python прост в освоении, но все же очень мощный. Работает на многих операционных системах, включая встроенные. Помимо Python (написанного на C), Jython написан на Java и работает везде, где есть Java и Iron Python, написанные на .NET, и работает везде, где доступна среда Microsoft .NET. </p>\n\n<p>Python имеет богатую стандартную библиотеку, которая позволяет выполнять большинство действий. </p>\n\n<p>Эта статья представляет собой краткое описание преимуществ Python и не имеет задачи описания основных элементов этого языка.</p>\n\n<h2>Прежде всего: почему вы должны изучать Python?</h2>\n<ul>\n    <li>Потому что это отличный язык для начала, где вы изучаете основы программирования. В конце концов, когда-то он должен заменить (хочется надеется) Pascal в средних школах.</li>\n<li>Потому что это очень популярный язык - 5-я позиция в списке самых популярных языков программирования.</li>\n<li>Потому что Python действительно прост. И в то же время полезен в работе программиста.</li>\n<li>Визуализация кода Python</li>\n<li>Существует инструмент, который позволяет удобно визуализировать код Python - PythonTutor: Visualize. Кроме того, визуализация работает не только на этом языке.</li>\n</ul>\n\n<p>В IDE для этой цели используются отладчики. Особенно, когда мы видим, что что-то не работает, и мы хотим видеть, в чем проблема. Но это тема для отдельной статьи.</p>\n\n<p>Python прост!\nЛегкий в изучении, он имеет простой, почти интуитивный синтаксис (проще говоря, это способ написания команд, понятный компьютеру с использованием данного языка программирования).</p>\n\n<p>Синтаксис напоминает элементы из «реальной жизни». Таким образом, ключевые слова понятны для каждого новичка, но в то же время очень близки к тем, которые встречаются в других языках программирования (поэтому последующее освоение нового языка будет проще).</p>\n\n<p>Когда мы записываем список дел, мы часто используем для перечисления двоеточие и отступы - точно так же, как мы даем команды Python в блоках кода. Кстати, это заставляет нас освоить хорошие навыки создания отступов в коде, благодаря чему код Python красив, понятен и прозрачен.</p>\n\n<p>После установки Python и можете немедленно приступить к написанию своего кода.</p>\n\n<p>Спрос на специалистов по Python в Бишкеке растет с каждым годом. В текущем году разработчики Python входят в число наиболее популярных.</p>', '<p>Python - это язык сценариев, которые интерпретируются - это означает, что мы пишем сценарий, а затем выполняем его с помощью интерпретатора. Python прост в освоении, но все же очень мощный.</p>', NULL, 'Компьютерные курсы в Бишкеке для любого возраста. IT-Academy центр компьютерного обучения, учебные курсы компьютерных программ и технологий: Java, Java/Mobile, PHP, Front-End, C#, Python. Наши курсы - самый короткий путь в IT.', 'курсы питон, Python, Бишкек, обучение', '2019-02-25 12:29:02', '2019-02-25 12:29:02'),
(13, 'Пять плюсов профессии программист', 'Q0lTVhyE3eKQ1lV.png', 'snck2D3fGrnydQi.png', 'pyat-plyusov-professii-programmist', 1, '<h1>Пять плюсов профессии программист</h1>\n<p>Прежде, чем говорить о профессии программист, нужно разобраться в её преимуществах. В данной статье описаны еще не все преимущества программиста</p>\n\n<h4>Высокий доход</h4>\n\n<p>В IT-отрасли и правда хороший уровень заработной платы. При этом программисты работают повсеместно. К примеру, в США программисты получают $60-100 тысяч в год (и это без бонусов), но заработная плата зависит от квалификации.</p>\n\n<p>Также, для работников IT-компаний предлагаются заманчивые условия для строительства жилья, кредитования, что для молодых специалистов является хорошей возможностью обеспечить свою жизнь.</p>\n\n<h4>Свободный график</h4>\n\n<p>Эту работу не касается строгий рабочий режим. Всё нацелено на создание гармоничной, приятной и дружеской рабочей атмосферы в офисе, лояльности к работникам. Время работы не зафиксировано. Оно варьируется с 09.00 до 14.00. Самое главное – выполнять все установленные цели в указанный срок.</p>\n\n<p>Примером может стать московский офис Google. В нём каждый сотрудник вправе пользоваться 20% рабочего времени на свои персональные проекты. Здесь же, во время работы, сотрудники питаются за счёт компании.</p>\n\n<h4>Отдельная интеллектуальная каста</h4>\n\n<p>По мнению одного IT-специалиста, его профессия - это образ жизни. В их работе имеется множество непонятного для обычного человека сленга, тем для разговоров и интересов. Профессия IT-специалиста – это высокий социальный статус.\n</p>\n<p>Для этой профессии призываются высокоинтеллектуальные люди, с хорошим образованием.\nПерспектива работать в крупной иностранной компании</p>\n\n<p>Люди, которые связаны с IT-направлением постоянно обучаются чему-то новому, стажируются и обмениваются опытом. Это позволяет им проникнуться в западные корпоративные стандарты уже с начала карьеры. На способных работников охотятся успешные компании, с целью взятия их на работу. В данной индустрии всегда нужны кадры, поэтому её смело можно назвать востребованной.\nПри наличии свободного владения иностранным языком и программированием, специалист может уверенно отправляться в поиски работы в иностранные компании. Там их доход увеличится и появятся новые возможности.</p>\n\n<h4>Профессия будущего</h4>\n\n<p>Сегодня появляются новые разработки, которые применяют автопилот, люди без интернета не могут представить свою жизнь, а телефон становится помощником, который может дать ответы на все вопросы. Роботы соревнуются с китайскими рабочими на фабриках. Всё это является результатом деятельности IT-специалистов в Бишкеке, их профессия нуждается в высококвалифицированных специалистах, которые регулируют работу гаджетов и роботов.\n</p>\n', '<p>Прежде, чем говорить о профессии программист, нужно разобраться в её преимуществах.</p>', NULL, 'Компьютерные курсы в Бишкеке для любого возраста. IT-Academy центр компьютерного обучения, учебные курсы компьютерных программ и технологий: Java, Java/Mobile, PHP, Front-End, C#, Python. Наши курсы - самый короткий путь в IT.', 'it курсы, программирование, Бишкек, преимущества', '2019-02-25 12:53:41', '2019-02-25 14:06:23');
INSERT INTO `static_page` (`id`, `title`, `logo_name`, `cover_name`, `alt_url`, `is_available`, `content`, `context`, `notes`, `meta_description`, `meta_keywords`, `created_at`, `updated_at`) VALUES
(14, 'Программирование vs. Веб-разработка. В чем разница?', 'wDsM50zQSVM1CCr.png', 'WeudEgqgcxE3JUS.png', 'programmirovanie-vs-veb-razrabotka-v-chem-raznica', 1, '<h1>Программирование vs. Веб-разработка. В чем разница?</h1>\n<p>Порой для людей, далёких от программирования, эта сфера может выглядеть невероятно сложной и трудной для понимания. К примеру, если у Вас нет нужного опыта, Вы вряд ли осведомлены о том, какой же язык программирования стоит выбрать начинающим.</p>\n\n<p>Вопреки тому, что такие термины, как «разработчик программного обеспечения», «веб-разработчик» и «программист» сейчас у всех на слуху в Бишкеке, не все знакомы с ключевыми различиями в рабочих обязанностях данных специалистов. Предлагаем разобраться в отличиях программирования и веб-разработки.</p>\n\n<h2>Различные цели</h2>\n<p>Хоть и программист, и веб-разработчик занимаются написанием кода, в целях они не сходятся. Одним из главных отличий является тот факт, что программистами создаются совершенно новые приложения или совершенствуется уже готовое программное обеспечение, в то время как веб-разработчики создают веб-сайты и предоставляют им обслуживание.</p>\n\n<p>Для того, чтобы понять различие между ними, необходимо проанализировать цели. Дизайнер Для более наглядного объяснения различий, следует рассмотреть их цели. В обязанности дизайнера включены следующие пункты: создание макета для веб-сайта и определение набора его функций. Как видим, в этот список не входит написание кода для реализации идеи. Самыми популярными программами для веб-дизайна являются Adobe Dreamweaver и Photoshop.</p>\n\n<p>Но для того, чтобы сайт мог функционировать, веб-дизайнерам и программистам необходимо связующее звено: веб-разработчик. Во время процесса разработки веб-дизайнер занимается проработкой внешнего вида сайта; веб-разработчик, учитывая все спецификации, занимается формированием сайта. А создание инструмента для обработки запросов лежит на программисте. После завершения работы он, вероятнее всего, приступит к следующему проекту. А вот веб-дизайнер и в дальнейшем будет отвечать за обслуживание и обновление сайта.</p>\n\n<p>Следующий немаловажный пункт — количество работы для каждого из специалистов. Обычно бизнес-среда требует от программиста улучшение программного обеспечения, которое будет использоваться компанией на протяжении длительного времени.</p>\n\n<p>То есть, разработчику требуется немало времени, чтобы улучшить и добавить новые функции в код старых приложений, так как выбросить на помойку проект — не в интересах компании. Но если речь идёт об улучшении дизайна веб-сайта, скорее всего, от веб-дизайнера потребуется не улучшение старого, а создание нового.</p>\n\n<h3>Использование разных языков</h3>\n<p>Скорее всего, Вам уже известно о том, что на сегодняшний день существует огромное количество языков программирования: каждый со своими достоинствами, недостатками и особенностями. К примеру, разработчику мобильных приложений ни к чему использование языков, предназначенных для веб-разработки. Предоставляем Вам возможность узнать о всех тонкостях выбора языка программирования.</p>\n\n<p>Самые популярные среди веб-разработчиков - HTML (который, кстати, является не языком программирования, а языком разметки) для организации текста и CSS (который также не относится к языкам программирования), настраивающий отображение этого текста. Для работы на стороне клиента веб-разработчиками используется JavaScript. Если речь идёт о работе со стороны сервера — PHP, к примеру, для поиска слова, которое ввёл пользователь. Но ими веб-разработка не ограничивается: существуют другие языки, например, Ruby.</p>\n\n<p>Для создания приложений, в зависимости от назначения, программистом могут использоваться различные языки, которые предоставляют все возможности для разработки: C, C#, C++, Java, Python и многие другие.</p>\n\n<p>Таким образом, обучение веб-программированию на курсах в Бишкеке будет более эффективным, чем при изучении учебников. Из-за вышеуказанных различий программисты обязаны своевременно узнавать о новых технологиях и обновлённых языках, которыми они пользуются. Стремительное развитие языков и программного обеспечения влияет и на учебные материалы, таким образом, напечатанный в 2015 году учебник может попросту оказаться устаревшим. Поэтому наиболее эффективным методом обучения являются курсы программирования, а не изучение учебников.</p>\n\n<p>Именно по этой причине мы рекомендуем Вам курсы IT-Academy в Бишкеке, ведь во время занятий Вы сможете услышать нужные советы и узнать о передовых технологиях и наиболее актуальных вещах, о которых Вам расскажут преподаватели-практики.</p>', '<p>Вопреки тому, что такие термины, как «разработчик программного обеспечения», «веб-разработчик» и «программист» сейчас у всех на слуху в Бишкеке, не все знакомы с ключевыми различиями в рабочих обязанностях данных специалистов. Предлагаем разобраться в отличиях программирования и веб-разработки.</p>', NULL, 'Компьютерные курсы в Бишкеке для любого возраста. IT-Academy центр компьютерного обучения, учебные курсы компьютерных программ и технологий: Java, Java/Mobile, PHP, Front-End, C#, Python. Наши курсы - самый короткий путь в IT.', 'курсы, программирование, обучение, Бишкек', '2019-02-25 14:28:31', '2019-02-25 14:28:31'),
(15, 'Кто такой Java-специалист', 'MBd7uXAvoaCqgWE.png', 'Th90UzCccCv3VqA.png', 'kto-takoy-java-specialist', 1, '<h1>Кто такой программист и что его характеризует?</h1>\n<p>Программист - это человек, который создает коды для компьютерных программ, используя для этого соответствующий язык программирования. Программист может специализироваться на одном из них, но обычно люди на этой должности знают нескольких из них. Они создают не только системы и приложения, но и веб-сайты. Трудно четко определить объем задач программистов, потому что это профессия, которая быстро растет, и то, что мы скажем сегодня, может быть изменено или расширено завтра. Однако это не меняет того факта, что человек, занимающий эту должность, должен обладать большими знаниями и уметь использовать их на практике.</p>\n\n<p>Какими характеристиками должен обладать хороший программист в Бишкеке? Прежде всего, он деловой, сфокусированный на порученной задаче, умеющий работать независимо, но в то же время хорошо работающий в команде, программирование - это его настоящая страсть, он постоянно развивается, приобретает новые знания и отлично знает новые технологии.\n</p>\n\n<h2>Кто такой Java программист</h2>\n\n<p>Программист JAVA - человек, программирующий на языке JAVA. В его обязанности входит: разработка IT-решений для удовлетворения требований, установленных аналитиками, создание программного обеспечения, создание технической документации и работа с аналитикой. </p>\n<h3>Требования</h3>\n<p>Лицо, занимающее эту должность, должно иметь степень IT. Этот сотрудник должен характеризоваться, среди прочего: знанием базовых шаблонов проектирования, знанием Java EE, UML, SQL, PL / SQL, опытом разработки и реализации приложений Java, знанием IntelliJ Idea или Eclipse, SVN, CVS или других инструментов для управления версиями.</p>\n\n<h3>Условия работы</h3>\n<p>Программист работает в офисных помещениях, кроме поездок по внедрению программного обеспечения. Работа индивидуальная или командная. Рабочее время обычно составляет восемь часов. Программист обычно обладает большой свободой действий, иногда даже сам устанавливает свое рабочее время. Эта профессия требует постоянного обучения, повышения квалификации и отслеживания изменений на рынке ИТ. Этот сотрудник, из-за того, что он много времени проводит за компьютером в сидячем положении, подвержен нагрузке на глаза, а также болезням позвоночника. </p>\n\n<h4>Возможности занятости</h4>\n<p>Программист может найти работу во многих областях, но чаще всего он будет работать в компании по разработке программного обеспечения. Заработок программиста зависит от места работы. Он обычно получает базовую зарплату и имеет право на бонус за проект. </p>\n\n', '<p>Программист JAVA - человек, программирующий на языке JAVA. В его обязанности входит: разработка IT-решений для удовлетворения требований, установленных аналитиками, создание программного обеспечения, создание технической документации и работа с аналитикой. </p>', NULL, 'Компьютерные курсы в Бишкеке для любого возраста. IT-Academy центр компьютерного обучения, учебные курсы компьютерных программ и технологий: Java, Java/Mobile, PHP, Front-End, C#, Python. Наши курсы - самый короткий путь в IT.', 'курсы, обучение, Бишкек, java, джава', '2019-02-25 14:46:26', '2019-02-25 14:46:26'),
(16, 'Что такое Python и где он пригодится', 'TQMCdSmEVrtjRwu.png', 'SDRt8bdBSL3YEj3.png', 'chto-takoe-python-i-gde-on-prigoditsya', 1, '<h1>Что такое Python и где он пригодится</h1>\n<p>Python - это динамический объектно-ориентированный язык программирования, который легко выучить и который можно использовать для создания различных программ. Python распространяется по открытой лицензии, которая позволяет также использовать его для закрытых коммерческих проектов. В сети доступно множество руководств, а также дополнительные библиотеки и инструментов для облегчения программирования на этом языке. Python активно развивается и имеет широкий круг пользователей по всему миру.</p>\n\n<h2>Где используется Python?</h2>\n<p>Google, Yahoo, Nokia, IBM и NASA используют Python для своих приложений и проектов. Microsoft и Apple предлагают полную поддержку Python в своих операционных системах и платформах разработки. Многие крупные веб-сайты, такие как YouTube, написаны на Python.</p>\n\n<p>NASA уже много лет использует Python в своих приложениях. Одной из хорошо описанных реализаций является использование приложений, написанных на Python для управления запуском челноков. Кроме того, недавно выпущенный проект Nebula представляет собой распределенную вычислительную среду, адаптированную для выполнения вычислений в «облаке», соединяющую многие модули и приложения Python (инфраструктура Django, Trac, API для LUSTER, RabbitMQ, Subversion) с другими языками и технологиями (например, Solr в Java для полнотекстового поиска).</p>\n\n<h3>YouTube</h3>\n<p>YouTube - популярный сайт с видеоклипами, который в основном написан на Python. Создатели сервиса (приобретенного Google) подчеркнули производительность, предлагаемую Python, а также быструю реализацию новых функций с помощью легко читаемого кода, который просто расширять и обновлять. Google использует Python во многих своих приложениях и сервисах, таких как Google App Engine и Google Wave,</p>\n\n<h3>Где работает Python?</h3>\n<p>Приложения, написанные на Python, работают во многих системах, таких как Windows, Linux / Unix, Mac OS X, OS / 2, Amiga, а также смартфонах КПК и Nokia. Существуют также реализации Python в Java (Jython) и .NET (IronPython), которые работают везде, где доступны эти платформы.</p>\n\n<h4>Для чего вы можете использовать Python?</h4>\n<p>Python может использоваться для создания веб-сайтов, настольных приложений, работающих на компьютерах пользователей, включая игры. Вы также можете использовать Python в веб-приложениях или скриптах, например, для генерации выписок и отчетов. Это универсальный язык программирования.</p>', '<p>Python - это динамический объектно-ориентированный язык программирования, который легко выучить и который можно использовать для создания различных программ. </p>', NULL, 'Компьютерные курсы в Бишкеке для любого возраста. IT-Academy центр компьютерного обучения, учебные курсы компьютерных программ и технологий: Java, Java/Mobile, PHP, Front-End, C#, Python. Наши курсы - самый короткий путь в IT.', 'курсы, python, обучение, Бишкек, питон', '2019-02-25 15:01:36', '2019-02-25 15:01:36'),
(17, 'Плюсы и минусы работы в сфере IT, если ты девушка', 'kt4bYi8XefsK85J.png', 'OPz6tSFhKfitVxS.png', 'plyusy-i-minusy-raboty-v-sfere-it-esli-ty-devushka', 1, '<p>Ни для кого не секрет, что сегодня IT-сфера — для многих людей является лакомым кусочком в плане работы и зарплаты, которая во многих странах значительно превышает среднюю заработную плату. Например, в Беларуси специалисты IT-компаний зачастую относятся к категории высокооплачиваемых. Такая же ситуация и в Кыргызстане. </p>\n\n<p>Но не только в этом есть сходство в IT между двумя странами. И там, и там в сферу высоких технологий приходят, в основном, мужчины. Девушек не так много, как могло бы быть. Во-первых, они сами не всегда горят желанием связать жизнь с IT. Во-вторых, по-прежнему в некоторых компаниях руководители отдают предпочтение мужчинам, считая, что они более ответственны в плане выполнения заданий. Что касается минусов непосредственно в работе, то практически все они такие же, как и для программистов мужского пола. </p>\n\n<h2>Что мы предлагаем девушкам в сфере IT?</h2>\n\n\n<p>То же самое, что и парням! Наша IT-академия предлагает пройти обучение на курсах программирования. Но лучше определиться с одним конкретным курсом. Каждый из них впоследствии приводит к высокооплачиваемой работе в каком-то одном направлении, так что записываться сразу на несколько курсов программирования не стоит.</p>\n\n\n<h3>Наши предложения:</h3>\n \n \n<ul>\n    <li> С#. С помощью его создаются многие приложения, работающие на .NET.Framework. Облагает богатым синтаксисом, но при этом легко даётся в учёбе;</li>\n<li> Front-End. Отвечает за пользовательский интерфейс на любом из сайтов;</li>\n<li> Python. На нём функционируют многие известные сайты — YouTube и другие;</li>\n<li> Java\\Mobile App. Связан с разработками на платформе Android;</li>\n<li> Java. Один из наиболее известных языков программирования, имеет широкую область применения;</li>\n<li> PHP. Множество небольших сайтов, сайтов-визиток, гостевых книг разработаны именно с помощью этого языка программирования. </li>\n\n</ul>\n  \n<p>Обучение проводят опытные тренеры, которые обладают солидным багажом знаний о языках программирования и других аспектах IT-сферы. </p>\n\n<h3>Перспективы</h3>\n\n\n<p>Мы гарантируем трудоустройство большинству слушателей данных курсов. Причём как мужчинам, так и женщинам. Нашим работодателям не важен пол. Главное — знания и желание кандидата работать, совершенствоваться, приносить пользу. Как следствие — получать высокие заработки!</p>\n', '<p>Ни для кого не секрет, что сегодня IT-сфера — для многих людей является лакомым кусочком в плане работы и зарплаты, которая во многих странах значительно превышает среднюю заработную плату. Например, в Беларуси специалисты IT-компаний зачастую относятся к категории высокооплачиваемых. Такая же ситуация и в Кыргызстане. </p>', NULL, 'Компьютерные курсы в Бишкеке для девушек любого возраста. IT-Academy центр компьютерного обучения, учебные курсы компьютерных программ и технологий: Java, Java/Mobile, PHP, Front-End, C#, Python. Наши курсы - самый короткий путь в IT.', 'девушка, айти, курсы, академия, Бишкек', '2019-04-01 17:30:35', '2019-04-01 17:30:35'),
(18, '8 перспективных IT-профессий для женщин', 'IZoOjbrbx9FyiBF.png', 'CnzakexCwL9nr5J.png', '8-perspektivnyh-it-professiy-dlya-zhenshchin', 1, '<p>Ни одно направление не развивается сегодня так стремительно, как IT-технологии. Промышленность, образование не могут похвастаться такими темпами, которые сегодня присутствуют в IT. Здесь едва ли не каждый день создаётся какой-то новый интересный продукт, что-то совершенствуется. Соответственно, в плане кадрового обеспечения ситуация более чем благоприятная в том смысле, что всегда нужны люди. Причём необязательно поступать в высшие учебные заведения для получения профильного образования. Можно воспользоваться нашими курсами программирования, предлагаемыми IT-Академией в Кыргызстане. Совет: лучше выбирать какой-то один курс и изучать его</p>\n\n<h2>Курсы в IT-Академии в Бишкеке</h2>\n\n<ul>\n    <li> PHP. C его помощью разрабатываются многочисленные приложения, без которых сайты не могут нормально функционировать. Среди известных — Joomla, Magento, Drupal и так далее</li>\n<li> Java. По востребованности находится в лидерах среди языков. Создание и совершенствование веб-ресурсов, основанных на нём, — постоянный процесс. Без участия Java он будет малоэффективным и не даст требуемого результата</li>\n<li> Python. Несмотря на высокий уровень языка, овладеть им несложно с помощью нашей IT-Академии</li>\n<li> C#. Имеет богатый синтаксис и работает с платформой .NET Framework</li>\n<li> Front-End. Отвечает за клиентский «набор» сайта</li>\n<li> Java/Mobile App. Связан с приложениями для Android</li>\n</ul>\n\n<h3>Приглашаем девушек на айти курсы!</h3>\n\n\n<p>Анализ показывает, что девушки чаще всего выбирают профессии менеджера проектов, веб-дизайнера, верстальщика, тестировщика, а также Sales, PR и HR. Нечасто их можно увидеть в роли сисадминов или разработчиков. Приглашаем не только мужчин, но и женщин на курсы программирования! Теперь не надо тратить годы на университеты, где преподаются как основные, так и второстепенные предметы. Предлагаем сконцентрироваться на том, что действительно важно в IT. Лучше потратить свободное время на саморазвитие и практические занятия по овладению тем или иным языком. Пользы будет гораздо больше, так как информационные технологии развиваются с приличной скоростью. Вместо устаревших программ быстро приходят новые. То есть самообучение для представителя IT-сферы — непрерывное занятие.  </p>\n\n  \n<p>Девушки после окончания курсов гарантированно получают место работы. Мы успешно ломаем стереотипы типа «женщины — не для IT», предлагая им реализовать себя в интересных направлениях и получать при этом высокий заработок. </p>\n', '<p>Ни одно направление не развивается сегодня так стремительно, как IT-технологии. Промышленность, образование не могут похвастаться такими темпами, которые сегодня присутствуют в IT.</p>', NULL, 'Компьютерные курсы в Бишкеке для девушек любого возраста. IT-Academy центр компьютерного обучения, учебные курсы компьютерных программ и технологий: Java, Java/Mobile, PHP, Front-End, C#, Python. Наши курсы - самый короткий путь в IT.', 'курсы, программирование, девушки, обучение, it, Бишкек', '2019-04-01 17:43:49', '2019-04-01 17:44:49'),
(19, 'Программирование для девушек', '4uIBFUlZjtvrS8U.png', 'x5YpsZFF1l2hLjV.png', 'programmirovanie-dlya-devushek', 1, '<p>Постепенно факультеты IT-технологий в вузах пополняются девушками. Интерес со стороны «слабого пола» к, казалось бы, исконно мужской профессии вполне объясним. Сегодня данная отрасль — это:</p>\n \n<ul>\n    <li> постоянное наличие вакансий вследствие активного развития. Ежедневно в больших количествах создаются новые или совершенствуются старые программы, приложения. В Интернете появляются сайты, которые надо не только сделать, но и содержать, развивать. Так что IT-сотрудники востребованы всегда. Причём это касается не только опытных, уже состоявшихся специалистов. Многие компании готовы предложить обучение и переобучение потенциальных перспективных сотрудников; </li>\n<li> высокая заработная плата. За IT-технологи хорошо платят, это не секрет. По заработной плате данная сфера уверенно входит в тройку лучших во многих странах мира. Это главный фактор популярности IT сегодня; </li>\n<li> карьерный рост. Здесь тоже всё просто: хорошо работаешь — продвигаешься по карьерной лестнице — зарабатываешь больше.</li>\n</ul>\n\n\n<p>Но всё это преодолимо. Главное — желание овладеть IT-специальностью. И здесь важно определиться для себя с направлением, потому что в Ай-Ти-технологиях их очень много.   </p>\n \n<h2>Что мы предлагаем?</h2>\n\n\n<p>IT-Академия в Бишкеке проводит курсы по программированию. Мы готовы предложить обучение языкам программирования с участием профессиональных тренеров-педагогов. Но сначала желательно определиться, с каким именно из них решено связать свою деятельность. Проще работать сначала с одним языком программирования, а затем изучать остальные, которые могут понадобиться. Мы готовы обучить всех желающих:\n </p>\n \n<ul>\n    <li> Python. Обладает понятным синтаксисом. Служебных символов немного. Считается одним из наиболее простых</li>\n<li> C#. Присутствует в десктопных, мобильных приложениях, которые функционируют на платформе .NET.FRAMEWORK</li>\n<li> Java. Один из самых распространённых языков программирования. Востребован практически всегда</li>\n<li> Java/Mobile App. Тесно связан с базой Android. По окончании данного курса девушки смогут заниматься разработками, изучать логику действий работающих на Android приложений, знать всё о клиент-серверных приложениях и так далее</li>\n<li> Python. Несмотря на непростой синтаксис, легко поддающийся изучению язык программирования. Его знание поможет в работе с Django, разработке приложений, создании виртуальных окружений</li>\n<li> PHP. Помогает в создании небольших сайтов, ресурсов-визиток, гостевых книг, проектов. Овладев им, можно будет заниматься созданием реляционной БД для простых систем, работать с рисунками</li>\n</ul>\n', '<p>Постепенно факультеты IT-технологий в вузах пополняются девушками. Интерес со стороны «слабого пола» к, казалось бы, исконно мужской профессии вполне объясним.</p>', NULL, 'Компьютерные курсы в Бишкеке для девушек любого возраста. IT-Academy центр компьютерного обучения, учебные курсы компьютерных программ и технологий: Java, Java/Mobile, PHP, Front-End, C#, Python. Наши курсы - самый короткий путь в IT.', 'курсы, программирование, Бишкек, девушки, обучение', '2019-04-01 17:52:34', '2019-04-01 17:57:08'),
(20, 'Девушка и программирование - несовместимые вещи?', 'KQ5zD5w9ZbNn3cg.png', 's6IvFflYS4kai0j.png', 'devushka-i-programmirovanie-nesovmestimye-veshchi', 1, '<p>Считается, что девушка и программирование — это вещи, несовместимые между собой. Но в последние годы в IT стало приходить всё больше представительниц прекрасного пола, и данный стереотип начал стремительно ломаться. В качестве примера можно привести как минимум пять женщин, добившихся значительных успехов в IT.</p>\n \n<ul>\n    <li> Мэри Микер. Ознакомила людей с колоссальным потенциалом, которым обладает сеть Интернет. Три года назад была аналитиком Morgan Stanley, тогда каждый её отчёт был сродни открытию в сфере IT. Сегодня она аналитик в венчурном фонде КРСВ, считается одним из самых значимых экспертов в Digital</li>\n<li> Шерил Сандберг. Стала топ-менеджером, благодаря трудолюбию, знанию законов программирования, Интернету и соцсетям. Старательная работа в Google стала причиной предложения о сотрудничестве от руководителя Facebook Марка Цукерберга. После её появления доходная часть Facebook ежегодно удваивалась. Сегодня она в Фэйсбуке — главный координационный директор</li>\n<li> Марисса Майер. Является самым молодым, но в тоже время и самым успешным руководителем за всё время существования сервиса Yahoo, обеспечивая до ухода (в 2017 году) стабильный рост акций. До Yahoo успешно сотрудничала с Google, помогая в осуществлении многих проектов (Books. News, Maps, Search и других)</li>\n<li> Эстер Дайсон. Американка входит в состав Совета директоров Yandex. Возглавляла корпорацию ICANN. Но в самом начале карьеры занималась исследованиями IT-рынка</li>\n<li> Сьюзан Войчицки. Начинала с того, что не побоялась в молодом возрасте сдать собственный гараж парням, занимавшимся стартапом. Сегодня о нём знает весь мир — это Google. А Войчицки возглавляет одно из подразделений YouTube, не побоявшись в своё время уйти из Intel и присоединиться к Google. Много времени уделяла работе над интернет-рекламой.</li>\n</ul>\n\n\n<h2>Курсы программирования в IT-Академии: начало большого пути</h2>\n\n\n<p>Чтобы достичь таких успехов, как эти женщины, надо много трудиться. Причём начинать сазов. И в этом мы готовы помочь! Проводим курсы по программированию по следующим направлениям: Python, C#, Java, Java/Mobile App, PHP и Front-End. Обучение ведут профессиональные преподаватели. Рекомендуется выбрать одно направление и сконцентрироваться изначально полностью на нём. По окончании курсов женщин и мужчин в 95 процентов случаях мы трудоустраиваем. Плюсы IT:</p>\n\n<ul>\n    <li> возможность карьерного роста;</li>\n<li> постоянный «кадровый голод» на рынке труда (технологии едва ли не ежедневно совершенствуются, и айтишников всегда не хватает);</li>\n<li> высокая зарплата. Во многих странах IT-специалисты — самые богатые люди</li>\n</ul>\n', '<p>Считается, что девушка и программирование — это вещи, несовместимые между собой. Но в последние годы в IT стало приходить всё больше представительниц прекрасного пола, и данный стереотип начал стремительно ломаться. В качестве примера можно привести как минимум пять женщин, добившихся значительных успехов в IT.</p>', NULL, 'Компьютерные курсы в Бишкеке для девушек любого возраста. IT-Academy центр компьютерного обучения, учебные курсы компьютерных программ и технологий: Java, Java/Mobile, PHP, Front-End, C#, Python. Наши курсы - самый короткий путь в IT.', 'курсы, программирование, it, Бишкек', '2019-04-01 18:06:27', '2019-04-01 18:06:27'),
(21, 'Как выбрать подходящий вам язык программирования', 'R1Ono54h7Ont8pB.png', 'nfETbiBFVlvmOgS.png', 'kak-vybrat-podhodyashchiy-vam-yazyk-programmirovaniya', 1, '<p>Один из наиболее часто задаваемых вопросов - «какой язык выбрать?» Или «какой язык будет для меня лучшим?». Как вы можете догадаться, простого ответа на этот вопрос не существует, нет, и нужно сказать даже больше, что поиск ответа на этот вопрос стал ещё труднее за последние 20 лет.</p>\n\n<h2>Одно из самых простых направлений для начинающих – это веб-разработка.</h2>\n\n<ul>\n    <li>HTML и CSS - являются языками гипертекстовой разметки и стали ключевыми для разработки веб-страниц.</li>\n<li>JavaScript служит для создания интерактивных сценариев на странице.</li>\n<li>Python. Очень простой в изучении язык, с огромным количеством библиотек, и, кстати, с хорошим форматированием кода и хорошей документацией.</li>\n<li>PHP широко используется при разработке веб-приложений, а также в системах управления сайтами.</li>\n</ul>\n<h2>Языки программирования для разработки мобильных приложений</h2>\n<p>Больше всего нас интересуют две вещи - это язык программирования и инструменты, которые, к сожалению, различаются в зависимости от выбранной платформы. Как это выглядит:</p>\n\n<h3>IOS</h3>\n<ul>\n    <li>язык: Objective-C или Swift</li>\n<li>инструменты: среда программирования XCode и, к сожалению, у вас должен быть доступ к Mac (конечно, всегда есть выход, и вместо Mac мы можем попытаться использовать виртуальную машину или другие доступные решения</li>\n</ul>\n<h3>Андроид</h3>\n<ul>\n    <li>язык: Java</li>\n<li>инструменты: среда разработки Android Studio</li>\n</ul>\n<p>Мы создаем приложения для обеих платформ двумя разными способами, которые во многих местах могут существенно различаться. У нас нет единого установленного стандарта, который бы контролировал производителей Android и iOS, как в случае браузеров и связанных с ними веб-разработок.</p>\n\n<h3>Языки программирования для настольных ПК</h3>\n<p>Популярность приложений для настольных компьютеров снизилась. Вот наиболее популярные языки для разработки ПО для компьютеров:</p>\n\n<ul>\n    <li>Java. Обладает простотой, которая может понравиться большому количеству людей. Данный язык хорошо документирован (хотя к документации Java, на мой взгляд, нужно привыкнуть), и имеет много различных библиотек.</li>\n<li>Javascript. С применением фреймворка Electron можно писать приложения для ПК. Таким образом, не потребуется переписывать приложение, разработанное под веб.</li>\n<li>Swift – это язык программирования для MAC.</li>\n</ul>\n<h4>Разработка скриптов и утилит</h4>\n<p>Для целей, когда не требуется создание полноценных программ, подойдёт язык Python. Очень простой в изучении язык, с огромным количеством библиотек, и, кстати, с хорошим форматированием кода и хорошей документацией.</p>', '<p>Один из наиболее часто задаваемых вопросов - «какой язык выбрать?» Или «какой язык будет для меня лучшим?». Как вы можете догадаться, простого ответа на этот вопрос не существует, нет, и нужно сказать даже больше, что поиск ответа на этот вопрос стал ещё труднее за последние 20 лет.</p>', NULL, 'Компьютерные курсы в Бишкеке для любого возраста. IT-Academy центр компьютерного обучения, учебные курсы компьютерных программ и технологий: Java, Java/Mobile, PHP, Front-End, C#, Python. Наши курсы - самый короткий путь в IT.', 'курсы, обучение, IT, Бишкек', '2019-04-01 18:31:16', '2019-04-01 18:31:16');
INSERT INTO `static_page` (`id`, `title`, `logo_name`, `cover_name`, `alt_url`, `is_available`, `content`, `context`, `notes`, `meta_description`, `meta_keywords`, `created_at`, `updated_at`) VALUES
(22, 'Советы новичку по обучению программированию', 'V5U1YnHlZq39bol.png', 'r2i5VqTsLVcupwo.png', 'sovety-novichku-po-obucheniyu-programmirovaniyu', 1, '<p>Представляем несколько советов для желающих освоить профессию программиста.</p>\n\n<h2>Совет 1. Выберите язык программирования.</h2>\n\n<p>Начните с выбора языка, на котором вы будете вести разработку. Среди программистов есть различные мнения на счет того, с какого языка стоит начать освоение программирования. В этом случае можно ориентироваться на ваши пожелания. Игры можно делать на Unity, для разработки сайтов потребуются знания CSS, HTML и Javascript, а для бизнес-приложений можно использовать C#. Для простых вычислений пригодится язык программирования Python.</p>\n\n<h2>Совет 2. Используйте дробление материала.</h2>\n\n<p>Для освоения профессии программиста потребуется большой объём знаний и навыков. Не стоит пытаться охватить весь обширный объём знаний за один приём. Лучше разделяйте обучения на этапы, каждый из которых следует закреплять практикой.</p>\n\n<p>Для облегчения процесса запоминания можно использовать карточки. Так вы сможете легко и эффективно структурировать новый материал.\nЕсли остаются пробелы в полученных знаниях, возможно имеет смысл двигаться дальше, но вернуться к ним потом. Впрочем, слишком много пробелов оставлять не стоит – можно запутаться.</p>\n\n<h2>Совет 3. Программы и курсы в Бишкеке для детей могут быть полезны.</h2>\n\n\n<p>В программах для детей многие вопросы рассмотрены в упрощенном варианте, что облегчает изучение нового языка программирования. Также такой способ обучения не даст вам заскучать.</p>\n\n<p>Получайте новые знания на слух или с помощью чтения.</p>\n\n<h2>Совет 4. Анализируйте чужой код.</h2>\n\n<p>Смотрите и изучайте чужой код. Так вы улучшите свои навыки, сможете избежать множества глупых ошибок.</p>\n\n<p>Сегодня в интернете есть множество сайтов, где можно посмотреть чужой исходный код различных программ и приложений.</p>\n\n<h2>Совет 5. Закажите литературу по тематике программирования.</h2>\n\n<p>В сфере программирования есть множество книг, которые являются классическими. Многие работы указывают на приёмы создания красивого кода, рассказывают о хитростях и полезных навыках.</p>\n\n<p>Найдя в поисковых системах такие книги, можно получить некий набор литературы, который будет помогать в освоении профессии. Можно читать как в переводе, так и на языке оригинала – это в основном английский.</p>\n\n<h2>Совет 6. Посетите специализированные курсы в Бишкеке.</h2>\n\n\n<p>Если самостоятельное обучение дается вам с трудом, запишите на специальные курсы. Под руководством наставника освоение программирования будет происходить проще. Так вы будете быстрее продвигаться в освоении нового материала.</p>', '<p>Представляем несколько советов для желающих освоить профессию программиста.</p>', NULL, 'Компьютерные курсы в Бишкеке для любого возраста. IT-Academy центр компьютерного обучения, учебные курсы компьютерных программ и технологий: Java, Java/Mobile, PHP, Front-End, C#, Python. Наши курсы - самый короткий путь в IT.', 'курсы, Бишкек, программирование, it, обучение', '2019-04-01 18:36:18', '2019-04-01 18:37:58'),
(23, 'Как научиться программировать, работая в другой сфере', '7wbT8bHQirPNzDE.png', 'nXkeEfgSbtonBC0.png', 'kak-nauchitsya-programmirovat-rabotaya-v-drugoy-sfere', 1, '<p>Допустим, вы уже работаете по специальности. У вас есть определенные достижения, но вдруг вы начинаете чувствовать, что вы хотели бы развиваться в другой сфере. Кто-то мечтает работать журналистом, кто-то желает стать дизайнером – перечислять можно долго.</p>\n\n<p>Иногда люди задумываются о смене профессии, чтобы получать большую зарплату или удовлетворение. Многие интересуются, как научиться программировать, работая в другой сфере. Давайте поговорим об этом.</p>\n\n<p>Вы думаете об изучении программирования в Бишкеке и не знаете, как это сделать? Все, что вам нужно сделать, это найти хорошего наставника, который проведет вас через этот процесс. Даже если он не является очень опытным специалистом, он сможет показать вам классные способы саморазвития, рассказать вам свою историю получения необходимых навыков, а также порекомендовать классные репозитории, где вы можете найти нужные знания. Есть много онлайн-уроков - также бесплатно. Однако если вы считаете, что знаний, за которые вы не платите, вам недостаточно, существуют также интересные онлайн-курсы, которые подготовят вас за относительно короткое время для получения первой работы в качестве младшего специалиста. Вы даже можете научиться отдыхать во время работы - все, что вам нужно, это основы.</p>\n\n<h2>Решите, хотите ли вы работать в сфере IT</h2>\n<p>Четко решите для себя, хотите ли вы работать в сфере информационных технологий. Если у вас нет абсолютной уверенности в этом, посмотрите вебинары, семинары – лучше несколько, чтобы вы смогли точно определиться. При смене области деятельности нужно понимать, что это того стоит.</p>\n\n<h2>Запишитесь на IT курсы в Бишкеке</h2>\n<p>Неплохой идеей будет записаться на вечерние курсы программистов. Это лучше, чем полностью самостоятельное обучение. Тем более это удобно, т.к. такие курсы помогут вам развиваться в новой сфере одновременно с основной работой.</p>\n\n<p>При выборе курсов нужно тщательно рассчитать время, которое вы сможете тратить на них. У вас должно оставаться время еще и на работу. Обычно без значительного ущерба для свободного времени можно выделить, например, два часа в день. Не стоит создавать бешеный ритм жизни, уменьшать время сна или время для прогулки – это только повредит вам.</p>\n\n<p>Очень хорошо иметь план действий на год. Так как сегодня есть множество различных направлений информационных технологий, учебный план не даст вам запутаться. Именно в этом состоит основное преимущество курсов в IT-Academy.</p>', '<p>Допустим, вы уже работаете по специальности. У вас есть определенные достижения, но вдруг вы начинаете чувствовать, что вы хотели бы развиваться в другой сфере. Кто-то мечтает работать журналистом, кто-то желает стать дизайнером – перечислять можно долго.</p>', NULL, 'Компьютерные курсы в Бишкеке для любого возраста. IT-Academy центр компьютерного обучения, учебные курсы компьютерных программ и технологий: Java, Java/Mobile, PHP, Front-End, C#, Python. Наши курсы - самый короткий путь в IT.', 'курсы, программирование, айти, it, Бишкек', '2019-04-01 18:46:26', '2019-04-01 18:46:26'),
(24, 'Тренировочные лагеря для перспективных молодых программистов', 'bIRqVvH7qS0V7RW.png', '71ddt8bRrAtecci.png', 'trenirovochnye-lagerya-dlya-perspektivnyh-molodyh-programmistov', 1, '<p>Существует известный американский термин bootcamp, который в переводе на русский означает несколько смежных понятий. Если углубляться в этимологию слова, можно увидеть, что изначально оно обозначало специальный лагерь для подготовки, тренировки и обучения будущих военных-профессионалов.</p>\n\n<p>В современном же представлении значение слова сильно расширилось. В обычной повседневной жизни оно означает и школьный лагерь, и летние курсы, и интернет-тренинги. Одним словом, теперь bootcamp – это действительная или виртуальная площадка, где в течение определенного времени люди активно развивают свои таланты и способности в выбранном направлении, например, программировании.</p>\n\n<p>Важнейшим условием для участников является наличие огромной мотивации, хорошей подготовленности и энтузиазма. Изучим подробнее основные преимущества таких лагерей для программистов и исследуем их местоположения.\n</p>\n<h2>Главные преимущества летнего лагеря в Бишкеке</h2>\n<h3>Одинаковые условия</h3>\n<p>Для того чтобы попасть в лагерь, все участники должны обладать равным уровнем знаний в области программирования. Суть этого требования в следующем: ни один молодой программист не должен скучать или отвлекаться, только так учебное время будет расходоваться с максимальной пользой и эффективностью.</p>\n\n<h3>Конкретные сроки проведения</h3>\n<p>Большая часть времени в лагере отводится на обучение и получение конкретных знаний по главным направлениям. В то же время, параллельно проводится культурно-развлекательная программа и различные светские мероприятия. Наличие временных рамок помогает лучше концентрироваться на задачах, осмыслять новые знания и применять их. </p>\n\n<h3>Деловая и перспективная среда </h3>\n<p>Во время смены вы будете находиться среди мотивированных, энергичных, интересных и целеустремленных молодых специалистов со схожими интересами. Именно поэтому совместное времяпрепровождение обернется приятным опытом, зарядит на успешную работу и саморазвитие.</p>\n<h3>\nВыпускные дипломы для участников</h3>\n\n<p>По окончании смены каждый участник получает выпускной диплом, в котором отражаются его успехи в выполнении заданий и проектов, участие в конкурсах, а также уровень полученных знаний. Дипломы подобных лагерей очень ценятся из-за тесного взаимодействия с профессиональными преподавателями, огромного количества получаемых знаний и живого общения с перспективными специалистами.</p>', '<p>Существует известный американский термин bootcamp, который в переводе на русский означает несколько смежных понятий. Если углубляться в этимологию слова, можно увидеть, что изначально оно обозначало специальный лагерь для подготовки, тренировки и обучения будущих военных-профессионалов.</p>', NULL, 'Компьютерные курсы в Бишкеке для любого возраста. IT-Academy центр компьютерного обучения, учебные курсы компьютерных программ и технологий: Java, Java/Mobile, PHP, Front-End, C#, Python. Наши курсы - самый короткий путь в IT.', 'лагерь, программирование, лето, Бишкек, курсы', '2019-04-01 18:56:22', '2019-04-01 18:56:22');

-- --------------------------------------------------------

--
-- Table structure for table `user`
--

CREATE TABLE IF NOT EXISTS `user` (
  `id` int(11) NOT NULL AUTO_INCREMENT,
  `name` varchar(32) NOT NULL,
  `user_name` varchar(32) DEFAULT NULL,
  `email` varchar(128) DEFAULT NULL,
  `about` text,
  `birth_date` date DEFAULT NULL,
  `password` varchar(100) DEFAULT NULL,
  `phone` varchar(12) DEFAULT NULL,
  `logo_name` varchar(32) DEFAULT NULL,
  `cover_name` varchar(32) DEFAULT NULL,
  `address` varchar(100) DEFAULT NULL,
  `address_coordinates` text,
  `is_activated` tinyint(1) NOT NULL DEFAULT '0',
  `social_id` varchar(255) DEFAULT NULL,
  `social_token` varchar(255) DEFAULT NULL,
  `group_id` int(11) NOT NULL,
  `currency_id` int(11) DEFAULT NULL,
  `admin_style_id` int(11) DEFAULT NULL,
  `created_at` datetime DEFAULT NULL,
  `updated_at` datetime DEFAULT NULL,
  PRIMARY KEY (`id`),
  KEY `user_fi_0278b4` (`group_id`),
  KEY `user_fi_4b365c` (`admin_style_id`),
  KEY `user_fi_16a5a4` (`currency_id`)
) ENGINE=InnoDB  DEFAULT CHARSET=utf8 AUTO_INCREMENT=17 ;

--
-- Dumping data for table `user`
--

INSERT INTO `user` (`id`, `name`, `user_name`, `email`, `about`, `birth_date`, `password`, `phone`, `logo_name`, `cover_name`, `address`, `address_coordinates`, `is_activated`, `social_id`, `social_token`, `group_id`, `currency_id`, `admin_style_id`, `created_at`, `updated_at`) VALUES
(1, 'Mister Admin Adminovich', 'admin', 'azamatjon.98@gmail.com', NULL, '1998-03-07', 'Sb.lhOd9d6nA2', '996500006638', 'L5WScWFBurJjsIh.png', NULL, NULL, NULL, 1, NULL, NULL, 1, NULL, 14, '2019-01-04 18:29:25', '2019-05-24 17:36:13'),
(3, 'Мурат Жумашев', 'murat.jumashev', 'murat.jumashev@it-academy.kg', '<p>Привет! Меня зовут Мурат, я научился программировать самостоятельно, а нарабатывал практику в таких компаниях, как Шоро, MegaCom, IT-Attractor, ZenSoft и PaulCamper. Писал веб-приложения на Python/Django, работал во фронтенде, используя React.js.На данный момент, работаю в Beeline в сфере проект-менеджмента, параллельно пишу веб-приложение класса Talent Management System. Искренне верю, что программировать может научиться любой человек. Я буду рад помочь вам сделать первые шаги в интереснейший мир разработки программного обеспечения через языки Python и JavaScript. С нетерпением жду нашей встречи!" Курс по Python эффективно объединяет теоретические основы с их практическим применением. Кроме овладения профессиональными навыками работы с Рython, обучение предполагает прокачку и soft skills, которые помогут эффективно использовать личностный и творческий потенциал разработчика. Окончив курс Python с высокими баллами, вы сможете пройти стажировку с возможностью дальнейшего трудоустройства в компаниях IТ-рынка, партнерах КАРПОУ.<br></p>', '2019-01-01', 'Sb.lhOd9d6nA2', NULL, 'dUMSTwBXcojWYNO.png', NULL, '', NULL, 1, NULL, NULL, 2, NULL, NULL, '2019-02-15 11:46:52', '2019-02-21 19:01:57'),
(4, 'Алишкер Касымов', 'alisher.kasymov', 'alisher.kasymov@it-academy.kg', '<p>Родился в 1984г в г.Фрунзе. Окончил СШ #58 в 2000г, в том же году поступил в Кыргызский Технический Университет им. Раззакова на Факультет Информационных Технологий. Получил специальность "Вычислительные, машины, сети, системы и комплексы". В 2005г, сразу после получения диплома о высшем образовании начал трудовую деятельность в Национальном Банке Кыргызской Республики в качестве программиста. В 2009г продолжил профессиональный рост в качестве программиста в "Айыл-Банке". С 2011 по 2017 г работал в "Финка-Банке", начав свою трудовую деятельность в качестве SQL, Java программиста, вырос до заместителя начальника Управления Информационных Технологий. С 2017 по 2018 работал в разработческой компании ФинансСофт, в качестве C# программиста. С 2018 г по текущий день работаю в компании Скай Мобайл (Билайн), в качестве бекенд-разработчика Java. В настоящий момент я работаю в компании Скай Мобайл (Билайн) в качестве Java разработчика. Являюсь сертифицированным специалистом Java и Oracle (сертификаты OCA). Имею более 11 лет практической разработки на языках Java, C#, PL\\\\SQL. Более 3 лет занимался обучением программированию в т.ч сотрудников коммерческих банков. На курсе мы изучим язык Java с самых основ. По итогам курса вы будете способны самостоятельно написать работоспособное веб-приложение с использованием обширного стека Java технологий (Hibernate, Spring итд). Вы получите представление о реализации ORM, шаблонов проектирования в Java. Научитесь правильно взаимодействовать с базами данных. Мы затронем использование Java как в Back так и во Front.<br></p>', '2019-01-01', 'Sb.lhOd9d6nA2', NULL, NULL, NULL, '', NULL, 1, NULL, NULL, 2, NULL, NULL, '2019-02-15 11:51:14', '2019-02-21 19:00:59'),
(5, 'Бекжан Джумабаев', 'bekzhan.zhumabaev', 'bekzhan.zhumabaev@it-academy.kg', '<p>Я, Джумабаев Бекжан. Окончил Ошский Турецкий лицей "СЕМА" в 2005 году. Потом закончил Средневосточный Технический Университет по программе компьютерной инженерии. Работал как JAVA разработчик в двух Турецких фирмах. 1. Писали софт для организации Турецкого Красного Креста по системе управления и хранения данных крови доноров, Kan Bankası Bilgi Yönetim Sistemi. 2. Второй проект - система по хранению данных о стихийных бедствиях в Турции, TABB (Türkiye Afet Bilgi Bankası). Затем 3 года, писал веб приложение для компании , которая занимается производством биотехнологических продуктов. Веб приложение было написано ASP.NET MVC. Также по приезду в Кыргызстан работал бэкенд разработчиком в Скай Мобайле(Билайн), проект Митап. В данное время работаю в компании Финансофт, которая разрабатывает АБС (Автоматизированная банковская система)<br></p>', '2019-01-01', 'Sb.lhOd9d6nA2', NULL, 'xRkQwkkQfL1iIqs.png', NULL, '', NULL, 1, NULL, NULL, 2, NULL, NULL, '2019-02-15 11:52:23', '2019-02-21 19:00:07'),
(6, 'Бакир', 'bakir.alumni', 'bakir.alumni@it-academy.kg', NULL, '1987-01-01', 'Sb.lhOd9d6nA2', NULL, '6L7hklizkLFZMkA.png', NULL, NULL, NULL, 1, NULL, NULL, 3, NULL, 8, '2019-02-15 12:54:57', '2019-02-15 13:16:50'),
(7, 'Алтынбек', 'altynbek.alumni', 'altynbek.alumni@it-academy.kg', NULL, '1997-01-01', 'Sb.lhOd9d6nA2', NULL, 'hA5cV9or3IQRWjg.png', NULL, NULL, NULL, 1, NULL, NULL, 3, NULL, 10, '2019-02-15 12:56:01', '2019-02-15 13:20:34'),
(8, 'Али', 'ali.alumni', 'ali.alumni@it-academy.kg', NULL, '1994-01-01', 'Sb.lhOd9d6nA2', NULL, 'vs8XJgbqqOPCA9w.png', NULL, NULL, NULL, 1, NULL, NULL, 3, NULL, 9, '2019-02-15 12:57:17', '2019-02-15 13:18:34'),
(9, 'Нафиса', 'nafisa.alumni', 'nafisa.alumni@it-academy.kg', NULL, '1986-01-01', 'Sb.lhOd9d6nA2', NULL, '6Tjg8iPQnfdXMF8.png', NULL, NULL, NULL, 1, NULL, NULL, 3, NULL, 11, '2019-02-15 12:59:00', '2019-02-15 13:21:58'),
(10, 'Максат', 'maksat.alumni', 'maksat.alumni@it-academy.kg', NULL, '1998-01-01', 'Sb.lhOd9d6nA2', NULL, 'R7QI2Eq11eqwg5v.png', NULL, NULL, NULL, 1, NULL, NULL, 3, NULL, 7, '2019-02-15 13:00:15', '2019-02-15 13:15:07'),
(11, 'Аскер', 'asker.alumni', 'asker.alumni@it-academy.kg', NULL, '1981-01-01', 'Sb.lhOd9d6nA2', NULL, 'mULz5tYUDvrIDPK.png', NULL, NULL, NULL, 1, NULL, NULL, 3, NULL, 6, '2019-02-15 13:01:28', '2019-02-15 13:13:27'),
(12, 'Ислам', 'islam.alumni', 'islam.alumni@it-academy.kg', NULL, '2000-01-01', 'Sb.lhOd9d6nA2', NULL, 'HxslNA6Ch23MBZV.png', NULL, NULL, NULL, 1, NULL, NULL, 3, NULL, 5, '2019-02-15 13:02:16', '2019-02-15 13:12:04'),
(13, 'Элиза', 'eliza.alumni', 'eliza.alumni@it-academy.kg', NULL, '2000-01-01', 'Sb.lhOd9d6nA2', NULL, '2xi1nRoWwa4Yoxr.png', NULL, NULL, NULL, 1, NULL, NULL, 3, NULL, 4, '2019-02-15 13:02:55', '2019-02-15 13:10:52'),
(14, 'Чынгыз Исаков', 'chyngyz.isakov', 'chyngyz.isakov@it-academy.kg', '<p>В общем так, серьезно программированием я занялся 2 года назад с мобильных разработок. Я разрабатывал приложения на андроид. Моей первой компанией называлась "Put in Byte", где я занимался разработкой разных приложений для достаточно большой аудитории. Например, такси (для пассажиров и водителей) для города Джалал-Абад, затем приложение для заказа билетов в разные страны по всему миру, приложение было тесно связано с системой Амадеус, и приложение вакансий предназначенное для всего Кыргызстана. Спустя год я перешел в компанию CS-soft, где я разрабатывал музыкальное приложение для пользователей, локальное приложение для сотрудников строительной компании и некоторые приложения для страховых компаний. В прошлом году, открылась ИТ-лаборатория в АУЦА, которая ныне называется НеоБис. Лаборатория занималась разработкой мобильных приложений, где мы с ребятами разрабатывали разные проекты для локальных и пару немецких компаний. Лаборатория набирала стажеров, которых мы менторили и доводили их уровень разработки до junior-level, а далее они могли работать над реальными проектами, получая свои заслуженные заработки. Сейчас я работаю в компании Зенсофт мобильным и фронт-энд разработчиком. Компания занимается исключительно зарубежными проектами, некоторые из которых разрабатываются на протяжении пару лет.<br></p>', '2019-01-01', 'Sb.lhOd9d6nA2', NULL, 'jJrkKHDRH1ZNHhA.png', NULL, '', NULL, 1, NULL, NULL, 2, NULL, NULL, '2019-02-15 15:22:21', '2019-02-21 18:59:05'),
(16, 'Daniyar Mukanbetov', 'dannymukash@gmail.com', 'daniyar743@gmail.com', NULL, NULL, 'SbX1xgz0WIlac', '996772188549', NULL, NULL, 'wqdasda', NULL, 1, NULL, NULL, 4, NULL, 13, '2019-04-17 20:17:56', '2019-04-17 20:17:56');

-- --------------------------------------------------------

--
-- Table structure for table `vacancy`
--

CREATE TABLE IF NOT EXISTS `vacancy` (
  `id` int(11) NOT NULL AUTO_INCREMENT,
  `name` varchar(255) DEFAULT NULL,
  `description` text,
  `context` text,
  `alt_url` varchar(255) NOT NULL,
  `logo_name` varchar(255) DEFAULT NULL,
  `vacancy_salary_id` int(11) NOT NULL,
  `meta_description` text,
  `meta_keywords` text,
  `sortable_rank` int(11) DEFAULT NULL,
  `created_at` datetime DEFAULT NULL,
  `updated_at` datetime DEFAULT NULL,
  PRIMARY KEY (`id`),
  KEY `vacancy_fi_c4cfb6` (`vacancy_salary_id`)
) ENGINE=InnoDB  DEFAULT CHARSET=utf8 AUTO_INCREMENT=9 ;

--
-- Dumping data for table `vacancy`
--

INSERT INTO `vacancy` (`id`, `name`, `description`, `context`, `alt_url`, `logo_name`, `vacancy_salary_id`, `meta_description`, `meta_keywords`, `sortable_rank`, `created_at`, `updated_at`) VALUES
(6, 'Middle-level Front-End Developer', '<h3>IT Академия при Кыргызской Ассоциации разработчиков программного обеспечения и услуг</h3><p><b> Обязанность</b>:</p><ul><li>Upper-Intermediate English</li><li>Опыт работы в сфере разработки: от 2 лет</li></ul><p><b>Требования:</b>&nbsp;</p><ul><li>Образование: профильное будет плюсом</li><li>График работы: частичная занятость </li></ul><p><b>Условия:</b></p><ul><li>работа в комфортном современном офисе</li><li>официальное трудоустройство</li><li>конкурентная заработная плата в соответствии с квалификацией и опытом работы разработчика</li><li>частичная занятость, возможность совмещать с основной деятельностью<br></li></ul>', '<p>Middle-level Front-End Developer</p><p> Уровень зарплаты: <b>от 7 USD/час</b><br></p>', 'middle-level-front-end-developer', '4EZ6eSCaFPKmzw4.png', 1, NULL, NULL, 1, '2019-02-15 12:00:31', '2019-03-18 15:42:54'),
(7, 'Middle-level Python Developer', '<h3>IT Академия при Кыргызской Ассоциации разработчиков программного обеспечения и услуг</h3><p><b> Обязанность</b>:</p><ul><li>Upper-Intermediate English</li><li>Опыт работы в сфере разработки: от 2 лет</li></ul><p><b>Требования:</b>&nbsp;</p><ul><li>Образование: профильное будет плюсом</li><li>График работы: частичная занятость </li></ul><p><b>Условия:</b></p><ul><li>работа в комфортном современном офисе</li><li>официальное трудоустройство</li><li>конкурентная заработная плата в соответствии с квалификацией и опытом работы разработчика</li><li>частичная занятость, возможность совмещать с основной деятельностью<br></li></ul>', '<p>Middle-level Python Developer</p><p>Уровень зарплаты: <b>от 7 USD/час</b><br></p>', 'middle-level-python-developer', 'koXIzsogVVu8RnN.png', 1, NULL, NULL, 2, '2019-02-15 12:08:27', '2019-03-18 15:34:05'),
(8, 'Middle-level JavaScript/Node JS Developer', '<h3>IT Академия при Кыргызской Ассоциации разработчиков программного обеспечения и услуг</h3><p><b> Обязанность</b>:</p><ul><li>Upper-Intermediate English</li><li>Опыт работы в сфере разработки: от 2 лет</li></ul><p><b>Требования:</b>&nbsp;</p><ul><li>Образование: профильное будет плюсом</li><li>График работы: частичная занятость </li></ul><p><b>Условия:</b></p><ul><li>работа в комфортном современном офисе</li><li>официальное трудоустройство</li><li>конкурентная заработная плата в соответствии с квалификацией и опытом работы разработчика</li><li>частичная занятость, возможность совмещать с основной деятельностью<br></li></ul>', '<p>Middle-level JavaScript/Node JS Developer</p><p>Уровень зарплаты: <b>от 7 USD/час</b><br></p>', 'middle-level-javascript-node-js-developer', 'gwH6WkzMv5mxedM.png', 1, NULL, NULL, 3, '2019-02-15 12:12:36', '2019-03-18 15:39:40');

-- --------------------------------------------------------

--
-- Table structure for table `vacancy_salary`
--

CREATE TABLE IF NOT EXISTS `vacancy_salary` (
  `id` int(11) NOT NULL AUTO_INCREMENT,
  `name` varchar(20) NOT NULL,
  `description` varchar(300) DEFAULT NULL,
  `sortable_rank` int(11) DEFAULT NULL,
  PRIMARY KEY (`id`)
) ENGINE=InnoDB  DEFAULT CHARSET=utf8 AUTO_INCREMENT=5 ;

--
-- Dumping data for table `vacancy_salary`
--

INSERT INTO `vacancy_salary` (`id`, `name`, `description`, `sortable_rank`) VALUES
(1, 'от 7$/час', NULL, 1);

-- --------------------------------------------------------

--
-- Table structure for table `verification_token`
--

CREATE TABLE IF NOT EXISTS `verification_token` (
  `id` int(11) NOT NULL AUTO_INCREMENT,
  `email` varchar(254) DEFAULT NULL,
  `token` varchar(100) NOT NULL,
  `type` tinyint(1) NOT NULL DEFAULT '1',
  `expires_at` datetime DEFAULT NULL,
  `user_id` int(11) DEFAULT NULL,
  `created_at` datetime DEFAULT NULL,
  `updated_at` datetime DEFAULT NULL,
  PRIMARY KEY (`id`),
  KEY `verification_token_fi_29554a` (`user_id`)
) ENGINE=InnoDB  DEFAULT CHARSET=utf8 AUTO_INCREMENT=31 ;

--
-- Dumping data for table `verification_token`
--

INSERT INTO `verification_token` (`id`, `email`, `token`, `type`, `expires_at`, `user_id`, `created_at`, `updated_at`) VALUES
(22, 'azamatjon.98@gmail.com', 'HEoHg4vIt8zBt3AE9Hy7qJ0Uzy3ZLe3Y4uvJP4ImrILly5UpRA', 1, '2019-01-05 18:27:47', NULL, '2019-01-04 18:27:47', '2019-01-04 18:27:47'),
(24, 'skypestudy.org@gmail.com', 'sqwHeplkXk68FRHkigEh1IaukqRUb7dUWpX60omwUYPUsa4Rur', 1, '2019-01-05 18:38:32', NULL, '2019-01-04 18:38:32', '2019-01-04 18:38:32'),
(27, 'ahunjanovazamat@mail.ru', 'gozNkMFeeHIl7YdtFV4BAPNZ0m1QRpjcNpSCEv1DbYVwj3UXsZ', 1, '2019-01-05 18:56:12', NULL, '2019-01-04 18:56:12', '2019-01-04 18:56:12'),
(28, 'dannymukash@gmail.com', 'iX3NCw6NywJLElPN2ZlFIiBKfmUe7ZiZo7pVs2RVBmQZF6JWda', 1, '2019-04-12 17:29:52', NULL, '2019-04-11 17:29:52', '2019-04-11 17:29:52'),
(30, 'daniyar743@gmail.com', 'kmuN2iYfi5AMrPBB7DwNJniGvarhNvgRzsIRyuy5Av3B8A8Jzc', 1, '2019-04-18 20:17:13', NULL, '2019-04-17 20:17:13', '2019-04-17 20:17:13');

--
-- Constraints for dumped tables
--

--
-- Constraints for table `application`
--
ALTER TABLE `application`
  ADD CONSTRAINT `application_fk_0ebdd7` FOREIGN KEY (`application_status_id`) REFERENCES `application_status` (`id`),
  ADD CONSTRAINT `application_fk_ebed28` FOREIGN KEY (`course_id`) REFERENCES `course` (`id`) ON DELETE SET NULL,
  ADD CONSTRAINT `application_fk_f39771` FOREIGN KEY (`course_stream_id`) REFERENCES `course_stream` (`id`) ON DELETE SET NULL;

--
-- Constraints for table `course_skill`
--
ALTER TABLE `course_skill`
  ADD CONSTRAINT `course_skill_fk_ebed28` FOREIGN KEY (`course_id`) REFERENCES `course` (`id`) ON DELETE CASCADE;

--
-- Constraints for table `course_stream`
--
ALTER TABLE `course_stream`
  ADD CONSTRAINT `course_stream_fk_16a5a4` FOREIGN KEY (`currency_id`) REFERENCES `currency` (`id`) ON DELETE CASCADE,
  ADD CONSTRAINT `course_stream_fk_6cc548` FOREIGN KEY (`branch_id`) REFERENCES `branch` (`id`) ON DELETE CASCADE,
  ADD CONSTRAINT `course_stream_fk_e53930` FOREIGN KEY (`instructor_id`) REFERENCES `user` (`id`) ON DELETE SET NULL,
  ADD CONSTRAINT `course_stream_fk_ebed28` FOREIGN KEY (`course_id`) REFERENCES `course` (`id`) ON DELETE CASCADE,
  ADD CONSTRAINT `course_stream_fk_f865a5` FOREIGN KEY (`course_stream_status_id`) REFERENCES `course_stream_status` (`id`);

--
-- Constraints for table `currency_rate`
--
ALTER TABLE `currency_rate`
  ADD CONSTRAINT `currency_rate_fk_78514f` FOREIGN KEY (`to_currency_id`) REFERENCES `currency` (`id`) ON DELETE CASCADE,
  ADD CONSTRAINT `currency_rate_fk_8596aa` FOREIGN KEY (`default_currency_id`) REFERENCES `currency` (`id`) ON DELETE CASCADE;

--
-- Constraints for table `feedback`
--
ALTER TABLE `feedback`
  ADD CONSTRAINT `feedback_fk_16a5a4` FOREIGN KEY (`currency_id`) REFERENCES `currency` (`id`) ON DELETE SET NULL,
  ADD CONSTRAINT `feedback_fk_29554a` FOREIGN KEY (`user_id`) REFERENCES `user` (`id`) ON DELETE CASCADE;

--
-- Constraints for table `group_privilege`
--
ALTER TABLE `group_privilege`
  ADD CONSTRAINT `group_privilege_fk_0278b4` FOREIGN KEY (`group_id`) REFERENCES `group` (`id`) ON DELETE CASCADE,
  ADD CONSTRAINT `group_privilege_fk_da39c7` FOREIGN KEY (`privilege_id`) REFERENCES `privilege` (`id`) ON DELETE CASCADE;

--
-- Constraints for table `notification`
--
ALTER TABLE `notification`
  ADD CONSTRAINT `notification_fk_122792` FOREIGN KEY (`from_user_id`) REFERENCES `user` (`id`) ON DELETE CASCADE,
  ADD CONSTRAINT `notification_fk_3703f2` FOREIGN KEY (`to_user_id`) REFERENCES `user` (`id`) ON DELETE CASCADE;

--
-- Constraints for table `user`
--
ALTER TABLE `user`
  ADD CONSTRAINT `user_fk_0278b4` FOREIGN KEY (`group_id`) REFERENCES `group` (`id`),
  ADD CONSTRAINT `user_fk_16a5a4` FOREIGN KEY (`currency_id`) REFERENCES `currency` (`id`) ON DELETE SET NULL,
  ADD CONSTRAINT `user_fk_4b365c` FOREIGN KEY (`admin_style_id`) REFERENCES `admin_style` (`id`) ON DELETE SET NULL;

--
-- Constraints for table `vacancy`
--
ALTER TABLE `vacancy`
  ADD CONSTRAINT `vacancy_fk_c4cfb6` FOREIGN KEY (`vacancy_salary_id`) REFERENCES `vacancy_salary` (`id`) ON DELETE CASCADE ON UPDATE CASCADE;

--
-- Constraints for table `verification_token`
--
ALTER TABLE `verification_token`
  ADD CONSTRAINT `verification_token_fk_29554a` FOREIGN KEY (`user_id`) REFERENCES `user` (`id`);
SET FOREIGN_KEY_CHECKS=1;

/*!40101 SET CHARACTER_SET_CLIENT=@OLD_CHARACTER_SET_CLIENT */;
/*!40101 SET CHARACTER_SET_RESULTS=@OLD_CHARACTER_SET_RESULTS */;
/*!40101 SET COLLATION_CONNECTION=@OLD_COLLATION_CONNECTION */;
